-0.25,1.75285,-0.25
-0.25,1.75216,-0.24
-0.25,1.75147,-0.23
-0.25,1.75079,-0.22
-0.25,1.7501,-0.21
-0.25,1.74942,-0.2
-0.25,1.74743,-0.19
-0.25,1.74274,-0.18
-0.25,1.73804,-0.17
-0.25,1.73335,-0.16
-0.25,1.72866,-0.15
-0.25,1.72397,-0.14
-0.25,1.71928,-0.13
-0.25,1.71459,-0.12
-0.25,1.66673,-0.11
-0.25,1.67609,-0.1
-0.25,1.68545,-0.09
-0.25,1.69481,-0.08
-0.25,1.70417,-0.07
-0.25,1.71352,-0.06
-0.25,1.72288,-0.05
-0.25,1.73224,-0.04
-0.25,1.73778,-0.03
-0.25,1.73708,-0.02
-0.25,1.73639,-0.01
-0.25,1.73571,0
-0.25,1.73502,0.01
-0.25,1.73434,0.02
-0.25,1.73365,0.03
-0.25,1.73297,0.04
-0.25,1.73228,0.05
-0.25,1.7316,0.06
-0.25,1.73091,0.07
-0.25,1.73023,0.08
-0.25,1.72954,0.09
-0.25,1.72886,0.1
-0.25,1.72817,0.11
-0.25,1.72748,0.12
-0.25,1.7268,0.13
-0.25,1.72611,0.14
-0.25,1.72543,0.15
-0.25,1.72474,0.16
-0.25,1.72406,0.17
-0.25,1.72337,0.18
-0.25,1.72269,0.19
-0.25,1.722,0.2
-0.25,1.72131,0.21
-0.25,1.72063,0.22
-0.25,1.71994,0.23
-0.25,1.71926,0.24
-0.24,1.75349,-0.25
-0.24,1.7528,-0.24
-0.24,1.75212,-0.23
-0.24,1.75143,-0.22
-0.24,1.75074,-0.21
-0.24,1.75006,-0.2
-0.24,1.74937,-0.19
-0.24,1.74869,-0.18
-0.24,1.748,-0.17
-0.24,1.74732,-0.16
-0.24,1.74663,-0.15
-0.24,1.74595,-0.14
-0.24,1.74526,-0.13
-0.24,1.74458,-0.12
-0.24,1.74389,-0.11
-0.24,1.7432,-0.1
-0.24,1.74252,-0.09
-0.24,1.74183,-0.08
-0.24,1.74115,-0.07
-0.24,1.74046,-0.06
-0.24,1.73978,-0.05
-0.24,1.73614,-0.04
-0.24,1.73145,-0.03
-0.24,1.72676,-0.02
-0.24,1.72207,-0.01
-0.24,1.71737,0
-0.24,1.71268,0.01
-0.24,1.70799,0.02
-0.24,1.7033,0.03
-0.24,1.66122,0.04
-0.24,1.67058,0.05
-0.24,1.67994,0.06
-0.24,1.68929,0.07
-0.24,1.69865,0.08
-0.24,1.70801,0.09
-0.24,1.71737,0.1
-0.24,1.72673,0.11
-0.24,1.72812,0.12
-0.24,1.72744,0.13
-0.24,1.72675,0.14
-0.24,1.72607,0.15
-0.24,1.72538,0.16
-0.24,1.7247,0.17
-0.24,1.72401,0.18
-0.24,1.72333,0.19
-0.24,1.72264,0.2
-0.24,1.72196,0.21
-0.24,1.72127,0.22
-0.24,1.72059,0.23
-0.24,1.7199,0.24
-0.23,1.75413,-0.25
-0.23,1.75344,-0.24
-0.23,1.75276,-0.23
-0.23,1.75207,-0.22
-0.23,1.75139,-0.21
-0.23,1.7507,-0.2
-0.23,1.75002,-0.19
-0.23,1.74933,-0.18
-0.23,1.74864,-0.17
-0.23,1.74796,-0.16
-0.23,1.74727,-0.15
-0.23,1.74659,-0.14
-0.23,1.7459,-0.13
-0.23,1.74522,-0.12
-0.23,1.74453,-0.11
-0.23,1.74385,-0.1
-0.23,1.74316,-0.09
-0.23,1.74248,-0.08
-0.23,1.74179,-0.07
-0.23,1.7411,-0.06
-0.23,1.74042,-0.05
-0.23,1.73973,-0.04
-0.23,1.73905,-0.03
-0.23,1.73836,-0.02
-0.23,1.73768,-0.01
-0.23,1.73699,0
-0.23,1.73612,0.01
-0.23,1.73545,0.02
-0.23,1.73478,0.03
-0.23,1.73411,0.04
-0.23,1.73344,0.05
-0.23,1.73277,0.06
-0.23,1.7321,0.07
-0.23,1.73143,0.08
-0.23,1.73076,0.09
-0.23,1.72955,0.1
-0.23,1.72485,0.11
-0.23,1.72016,0.12
-0.23,1.71547,0.13
-0.23,1.71078,0.14
-0.23,1.70609,0.15
-0.23,1.7014,0.16
-0.23,1.6967,0.17
-0.23,1.64635,0.18
-0.23,1.65571,0.19
-0.23,1.66506,0.2
-0.23,1.67442,0.21
-0.23,1.68378,0.22
-0.23,1.69314,0.23
-0.23,1.7025,0.24
-0.22,1.75477,-0.25
-0.22,1.75408,-0.24
-0.22,1.7534,-0.23
-0.22,1.75271,-0.22
-0.22,1.75203,-0.21
-0.22,1.75134,-0.2
-0.22,1.75066,-0.19
-0.22,1.74997,-0.18
-0.22,1.74929,-0.17
-0.22,1.7486,-0.16
-0.22,1.74792,-0.15
-0.22,1.74723,-0.14
-0.22,1.74654,-0.13
-0.22,1.74586,-0.12
-0.22,1.74517,-0.11
-0.22,1.74449,-0.1
-0.22,1.7438,-0.09
-0.22,1.74312,-0.08
-0.22,1.74243,-0.07
-0.22,1.74175,-0.06
-0.22,1.74106,-0.05
-0.22,1.74038,-0.04
-0.22,1.73969,-0.03
-0.22,1.739,-0.02
-0.22,1.73832,-0.01
-0.22,1.73763,0
-0.22,1.73695,0.01
-0.22,1.73626,0.02
-0.22,1.73558,0.03
-0.22,1.73489,0.04
-0.22,1.73421,0.05
-0.22,1.73352,0.06
-0.22,1.73284,0.07
-0.22,1.73215,0.08
-0.22,1.73146,0.09
-0.22,1.73078,0.1
-0.22,1.73009,0.11
-0.22,1.72941,0.12
-0.22,1.72872,0.13
-0.22,1.72804,0.14
-0.22,1.72735,0.15
-0.22,1.72667,0.16
-0.22,1.72598,0.17
-0.22,1.7253,0.18
-0.22,1.72461,0.19
-0.22,1.72392,0.2
-0.22,1.52853,0.21
-0.22,1.72255,0.22
-0.22,1.72187,0.23
-0.22,1.72118,0.24
-0.21,1.75541,-0.25
-0.21,1.75473,-0.24
-0.21,1.75404,-0.23
-0.21,1.75335,-0.22
-0.21,1.75267,-0.21
-0.21,1.75198,-0.2
-0.21,1.7513,-0.19
-0.21,1.75061,-0.18
-0.21,1.74993,-0.17
-0.21,1.74924,-0.16
-0.21,1.74856,-0.15
-0.21,1.74787,-0.14
-0.21,1.74719,-0.13
-0.21,1.7465,-0.12
-0.21,1.74581,-0.11
-0.21,1.74513,-0.1
-0.21,1.74444,-0.09
-0.21,1.74376,-0.08
-0.21,1.74307,-0.07
-0.21,1.74239,-0.06
-0.21,1.7417,-0.05
-0.21,1.74102,-0.04
-0.21,1.74033,-0.03
-0.21,1.73965,-0.02
-0.21,1.73896,-0.01
-0.21,1.73827,0
-0.21,1.73759,0.01
-0.21,1.7369,0.02
-0.21,1.73622,0.03
-0.21,1.73553,0.04
-0.21,1.73485,0.05
-0.21,1.73416,0.06
-0.21,1.73348,0.07
-0.21,1.73279,0.08
-0.21,1.73211,0.09
-0.21,1.73142,0.1
-0.21,1.73073,0.11
-0.21,1.73005,0.12
-0.21,1.72936,0.13
-0.21,1.72868,0.14
-0.21,1.72799,0.15
-0.21,1.72731,0.16
-0.21,1.72662,0.17
-0.21,1.72594,0.18
-0.21,1.72525,0.19
-0.21,1.72457,0.2
-0.21,1.6936,0.21
-0.21,1.72319,0.22
-0.21,1.72251,0.23
-0.21,1.72182,0.24
-0.2,1.73569,-0.25
-0.2,1.74505,-0.24
-0.2,1.75468,-0.23
-0.2,1.754,-0.22
-0.2,1.75331,-0.21
-0.2,1.75262,-0.2
-0.2,1.75194,-0.19
-0.2,1.75125,-0.18
-0.2,1.75057,-0.17
-0.2,1.74988,-0.16
-0.2,1.7492,-0.15
-0.2,1.74851,-0.14
-0.2,1.74783,-0.13
-0.2,1.74717,-0.12
-0.2,1.74646,-0.11
-0.2,1.74577,-0.1
-0.2,1.74509,-0.09
-0.2,1.7444,-0.08
-0.2,1.74371,-0.07
-0.2,1.74303,-0.06
-0.2,1.74234,-0.05
-0.2,1.74166,-0.04
-0.2,1.74097,-0.03
-0.2,1.74029,-0.02
-0.2,1.7396,-0.01
-0.2,1.73892,0
-0.2,1.73823,0.01
-0.2,1.73755,0.02
-0.2,1.73686,0.03
-0.2,1.73617,0.04
-0.2,1.73549,0.05
-0.2,1.7348,0.06
-0.2,1.73412,0.07
-0.2,1.73343,0.08
-0.2,1.73275,0.09
-0.2,1.73206,0.1
-0.2,1.73138,0.11
-0.2,1.73069,0.12
-0.2,1.73001,0.13
-0.2,1.72932,0.14
-0.2,1.72863,0.15
-0.2,1.72795,0.16
-0.2,1.72726,0.17
-0.2,1.72658,0.18
-0.2,1.72589,0.19
-0.2,1.72521,0.2
-0.2,1.70429,0.21
-0.2,1.72385,0.22
-0.2,1.72315,0.23
-0.2,1.72247,0.24
-0.19,1.59599,-0.25
-0.19,1.5953,-0.24
-0.19,1.60851,-0.23
-0.19,1.61787,-0.22
-0.19,1.62723,-0.21
-0.19,1.63659,-0.2
-0.19,1.64595,-0.19
-0.19,1.65531,-0.18
-0.19,1.66467,-0.17
-0.19,1.67402,-0.16
-0.19,1.68338,-0.15
-0.19,1.69274,-0.14
-0.19,1.7021,-0.13
-0.19,1.71146,-0.12
-0.19,1.72082,-0.11
-0.19,1.73018,-0.1
-0.19,1.73954,-0.09
-0.19,1.74506,-0.08
-0.19,1.74436,-0.07
-0.19,1.74367,-0.06
-0.19,1.74298,-0.05
-0.19,1.7423,-0.04
-0.19,1.74161,-0.03
-0.19,1.74093,-0.02
-0.19,1.74024,-0.01
-0.19,1.73956,0
-0.19,1.73887,0.01
-0.19,1.73819,0.02
-0.19,1.7375,0.03
-0.19,1.73683,0.04
-0.19,1.73613,0.05
-0.19,1.73544,0.06
-0.19,1.73476,0.07
-0.19,1.73407,0.08
-0.19,1.73339,0.09
-0.19,1.7327,0.1
-0.19,1.73202,0.11
-0.19,1.73133,0.12
-0.19,1.73065,0.13
-0.19,1.72996,0.14
-0.19,1.72928,0.15
-0.19,1.72859,0.16
-0.19,1.72791,0.17
-0.19,1.72722,0.18
-0.19,1.72653,0.19
-0.19,1.72585,0.2
-0.19,1.71497,0.21
-0.19,1.72448,0.22
-0.19,1.72379,0.23
-0.19,1.72311,0.24
-0.18,1.59663,-0.25
-0.18,1.59595,-0.24
-0.18,1.59526,-0.23
-0.18,1.59458,-0.22
-0.18,1.59389,-0.21
-0.18,1.5932,-0.2
-0.18,1.59252,-0.19
-0.18,1.59183,-0.18
-0.18,1.59115,-0.17
-0.18,1.5904,-0.16
-0.18,1.58978,-0.15
-0.18,1.58909,-0.14
-0.18,1.58841,-0.13
-0.18,1.58772,-0.12
-0.18,1.58704,-0.11
-0.18,1.58635,-0.1
-0.18,1.59364,-0.09
-0.18,1.603,-0.08
-0.18,1.61236,-0.07
-0.18,1.62172,-0.06
-0.18,1.63108,-0.05
-0.18,1.64044,-0.04
-0.18,1.64979,-0.03
-0.18,1.65915,-0.02
-0.18,1.66851,-0.01
-0.18,1.67787,0
-0.18,1.68723,0.01
-0.18,1.69659,0.02
-0.18,1.70595,0.03
-0.18,1.71531,0.04
-0.18,1.72467,0.05
-0.18,1.73403,0.06
-0.18,1.7354,0.07
-0.18,1.73472,0.08
-0.18,1.73403,0.09
-0.18,1.73334,0.1
-0.18,1.73266,0.11
-0.18,1.73197,0.12
-0.18,1.73129,0.13
-0.18,1.7306,0.14
-0.18,1.72992,0.15
-0.18,1.72923,0.16
-0.18,1.72855,0.17
-0.18,1.72786,0.18
-0.18,1.72718,0.19
-0.18,1.72649,0.2
-0.18,1.72575,0.21
-0.18,1.72504,0.22
-0.18,1.72443,0.23
-0.18,1.72375,0.24
-0.17,1.59727,-0.25
-0.17,1.59659,-0.24
-0.17,1.5959,-0.23
-0.17,1.59522,-0.22
-0.17,1.59453,-0.21
-0.17,1.59385,-0.2
-0.17,1.59311,-0.19
-0.17,1.59247,-0.18
-0.17,1.59179,-0.17
-0.17,1.5911,-0.16
-0.17,1.59042,-0.15
-0.17,1.58973,-0.14
-0.17,1.58905,-0.13
-0.17,1.58836,-0.12
-0.17,1.58768,-0.11
-0.17,1.58699,-0.1
-0.17,1.58631,-0.09
-0.17,1.58562,-0.08
-0.17,1.58493,-0.07
-0.17,1.58425,-0.06
-0.17,1.58356,-0.05
-0.17,1.58288,-0.04
-0.17,1.58219,-0.03
-0.17,1.58151,-0.02
-0.17,1.58082,-0.01
-0.17,1.58014,0
-0.17,1.57945,0.01
-0.17,1.57877,0.02
-0.17,1.57808,0.03
-0.17,1.5774,0.04
-0.17,1.57671,0.05
-0.17,1.58813,0.06
-0.17,1.59749,0.07
-0.17,1.60685,0.08
-0.17,1.61621,0.09
-0.17,1.62557,0.1
-0.17,1.63492,0.11
-0.17,1.64428,0.12
-0.17,1.65364,0.13
-0.17,1.663,0.14
-0.17,1.67236,0.15
-0.17,1.68172,0.16
-0.17,1.69108,0.17
-0.17,1.70044,0.18
-0.17,1.7098,0.19
-0.17,1.71916,0.2
-0.17,1.72645,0.21
-0.17,1.72576,0.22
-0.17,1.72508,0.23
-0.17,1.72439,0.24
-0.16,1.59791,-0.25
-0.16,1.59723,-0.24
-0.16,1.59654,-0.23
-0.16,1.59582,-0.22
-0.16,1.59517,-0.21
-0.16,1.59449,-0.2
-0.16,1.5938,-0.19
-0.16,1.59312,-0.18
-0.16,1.59243,-0.17
-0.16,1.59175,-0.16
-0.16,1.59106,-0.15
-0.16,1.59037,-0.14
-0.16,1.58969,-0.13
-0.16,1.589,-0.12
-0.16,1.58832,-0.11
-0.16,1.58763,-0.1
-0.16,1.58695,-0.09
-0.16,1.58626,-0.08
-0.16,1.58558,-0.07
-0.16,1.58489,-0.06
-0.16,1.58421,-0.05
-0.16,1.58352,-0.04
-0.16,1.58283,-0.03
-0.16,1.58215,-0.02
-0.16,1.58146,-0.01
-0.16,1.58078,0
-0.16,1.58009,0.01
-0.16,1.57941,0.02
-0.16,1.57872,0.03
-0.16,1.57804,0.04
-0.16,1.57735,0.05
-0.16,1.57667,0.06
-0.16,1.57598,0.07
-0.16,1.57529,0.08
-0.16,1.57461,0.09
-0.16,1.57392,0.1
-0.16,1.57324,0.11
-0.16,1.57255,0.12
-0.16,1.57187,0.13
-0.16,1.57118,0.14
-0.16,1.5705,0.15
-0.16,1.56981,0.16
-0.16,1.56913,0.17
-0.16,1.56844,0.18
-0.16,1.56775,0.19
-0.16,1.57326,0.2
-0.16,1.58262,0.21
-0.16,1.59198,0.22
-0.16,1.60133,0.23
-0.16,1.61069,0.24
-0.15,1.59853,-0.25
-0.15,1.59787,-0.24
-0.15,1.59719,-0.23
-0.15,1.5965,-0.22
-0.15,1.59581,-0.21
-0.15,1.59513,-0.2
-0.15,1.59444,-0.19
-0.15,1.59376,-0.18
-0.15,1.59307,-0.17
-0.15,1.59239,-0.16
-0.15,1.5917,-0.15
-0.15,1.59102,-0.14
-0.15,1.59033,-0.13
-0.15,1.58965,-0.12
-0.15,1.58896,-0.11
-0.15,1.58827,-0.1
-0.15,1.58759,-0.09
-0.15,1.5869,-0.08
-0.15,1.58622,-0.07
-0.15,1.58553,-0.06
-0.15,1.58485,-0.05
-0.15,1.58416,-0.04
-0.15,1.58348,-0.03
-0.15,1.58279,-0.02
-0.15,1.58211,-0.01
-0.15,1.58142,0
-0.15,1.58073,0.01
-0.15,1.58005,0.02
-0.15,1.57936,0.03
-0.15,1.57868,0.04
-0.15,1.57799,0.05
-0.15,1.57731,0.06
-0.15,1.57662,0.07
-0.15,1.57594,0.08
-0.15,1.57525,0.09
-0.15,1.57457,0.1
-0.15,1.57388,0.11
-0.15,1.57319,0.12
-0.15,1.57251,0.13
-0.15,1.57182,0.14
-0.15,1.57114,0.15
-0.15,1.57045,0.16
-0.15,1.56977,0.17
-0.15,1.56908,0.18
-0.15,1.5684,0.19
-0.15,1.56771,0.2
-0.15,1.56703,0.21
-0.15,1.56634,0.22
-0.15,1.56565,0.23
-0.15,1.56497,0.24
-0.14,1.5992,-0.25
-0.14,1.59851,-0.24
-0.14,1.59783,-0.23
-0.14,1.59714,-0.22
-0.14,1.59646,-0.21
-0.14,1.59577,-0.2
-0.14,1.59508,-0.19
-0.14,1.5944,-0.18
-0.14,1.59371,-0.17
-0.14,1.59303,-0.16
-0.14,1.59234,-0.15
-0.14,1.59166,-0.14
-0.14,1.59097,-0.13
-0.14,1.59029,-0.12
-0.14,1.5896,-0.11
-0.14,1.58892,-0.1
-0.14,1.58823,-0.09
-0.14,1.58754,-0.08
-0.14,1.58686,-0.07
-0.14,1.58617,-0.06
-0.14,1.58549,-0.05
-0.14,1.5848,-0.04
-0.14,1.58412,-0.03
-0.14,1.58343,-0.02
-0.14,1.58275,-0.01
-0.14,1.58206,0
-0.14,1.58138,0.01
-0.14,1.58069,0.02
-0.14,1.58001,0.03
-0.14,1.57932,0.04
-0.14,1.57863,0.05
-0.14,1.57795,0.06
-0.14,1.57726,0.07
-0.14,1.57658,0.08
-0.14,1.57589,0.09
-0.14,1.57521,0.1
-0.14,1.57452,0.11
-0.14,1.57384,0.12
-0.14,1.57315,0.13
-0.14,1.57246,0.14
-0.14,1.57178,0.15
-0.14,1.57109,0.16
-0.14,1.57041,0.17
-0.14,1.56972,0.18
-0.14,1.56904,0.19
-0.14,1.56835,0.2
-0.14,1.56767,0.21
-0.14,1.56698,0.22
-0.14,1.5663,0.23
-0.14,1.56561,0.24
-0.13,1.59984,-0.25
-0.13,1.59915,-0.24
-0.13,1.59847,-0.23
-0.13,1.59778,-0.22
-0.13,1.5971,-0.21
-0.13,1.59641,-0.2
-0.13,1.59573,-0.19
-0.13,1.59504,-0.18
-0.13,1.59436,-0.17
-0.13,1.59367,-0.16
-0.13,1.59298,-0.15
-0.13,1.5923,-0.14
-0.13,1.59161,-0.13
-0.13,1.59093,-0.12
-0.13,1.59024,-0.11
-0.13,1.58956,-0.1
-0.13,1.58887,-0.09
-0.13,1.58819,-0.08
-0.13,1.5875,-0.07
-0.13,1.58682,-0.06
-0.13,1.58613,-0.05
-0.13,1.58544,-0.04
-0.13,1.58476,-0.03
-0.13,1.58407,-0.02
-0.13,1.58339,-0.01
-0.13,1.5827,0
-0.13,1.58202,0.01
-0.13,1.58133,0.02
-0.13,1.58065,0.03
-0.13,1.57996,0.04
-0.13,1.57928,0.05
-0.13,1.57859,0.06
-0.13,1.5779,0.07
-0.13,1.57722,0.08
-0.13,1.57653,0.09
-0.13,1.57585,0.1
-0.13,1.57516,0.11
-0.13,1.57448,0.12
-0.13,1.57379,0.13
-0.13,1.57311,0.14
-0.13,1.57242,0.15
-0.13,1.57174,0.16
-0.13,1.57105,0.17
-0.13,1.57036,0.18
-0.13,1.56968,0.19
-0.13,1.56899,0.2
-0.13,1.56831,0.21
-0.13,1.56762,0.22
-0.13,1.56694,0.23
-0.13,1.56625,0.24
-0.12,1.60048,-0.25
-0.12,1.59979,-0.24
-0.12,1.59911,-0.23
-0.12,1.59842,-0.22
-0.12,1.59774,-0.21
-0.12,1.59705,-0.2
-0.12,1.59637,-0.19
-0.12,1.59568,-0.18
-0.12,1.595,-0.17
-0.12,1.59431,-0.16
-0.12,1.59363,-0.15
-0.12,1.59294,-0.14
-0.12,1.59225,-0.13
-0.12,1.59157,-0.12
-0.12,1.59088,-0.11
-0.12,1.5902,-0.1
-0.12,1.58951,-0.09
-0.12,1.58883,-0.08
-0.12,1.58814,-0.07
-0.12,1.58746,-0.06
-0.12,1.58677,-0.05
-0.12,1.58609,-0.04
-0.12,1.5854,-0.03
-0.12,1.58472,-0.02
-0.12,1.58403,-0.01
-0.12,1.58334,0
-0.12,1.58266,0.01
-0.12,1.58197,0.02
-0.12,1.58129,0.03
-0.12,1.5806,0.04
-0.12,1.57992,0.05
-0.12,1.57923,0.06
-0.12,1.57855,0.07
-0.12,1.57786,0.08
-0.12,1.57718,0.09
-0.12,1.57649,0.1
-0.12,1.5758,0.11
-0.12,1.57512,0.12
-0.12,1.57443,0.13
-0.12,1.57375,0.14
-0.12,1.57306,0.15
-0.12,1.57238,0.16
-0.12,1.57169,0.17
-0.12,1.57101,0.18
-0.12,1.57032,0.19
-0.12,1.56964,0.2
-0.12,1.56895,0.21
-0.12,1.56826,0.22
-0.12,1.56752,0.23
-0.12,1.56689,0.24
-0.11,1.60112,-0.25
-0.11,1.60044,-0.24
-0.11,1.59975,-0.23
-0.11,1.59907,-0.22
-0.11,1.59838,-0.21
-0.11,1.59769,-0.2
-0.11,1.59701,-0.19
-0.11,1.59632,-0.18
-0.11,1.59564,-0.17
-0.11,1.59495,-0.16
-0.11,1.59427,-0.15
-0.11,1.59358,-0.14
-0.11,1.5929,-0.13
-0.11,1.59221,-0.12
-0.11,1.59153,-0.11
-0.11,1.59084,-0.1
-0.11,1.59015,-0.09
-0.11,1.58947,-0.08
-0.11,1.58878,-0.07
-0.11,1.5881,-0.06
-0.11,1.58741,-0.05
-0.11,1.58673,-0.04
-0.11,1.58604,-0.03
-0.11,1.58536,-0.02
-0.11,1.58467,-0.01
-0.11,1.58399,0
-0.11,1.5833,0.01
-0.11,1.58261,0.02
-0.11,1.58193,0.03
-0.11,1.58124,0.04
-0.11,1.58056,0.05
-0.11,1.57987,0.06
-0.11,1.57919,0.07
-0.11,1.5785,0.08
-0.11,1.57782,0.09
-0.11,1.57713,0.1
-0.11,1.57645,0.11
-0.11,1.57576,0.12
-0.11,1.57507,0.13
-0.11,1.57439,0.14
-0.11,1.5737,0.15
-0.11,1.57302,0.16
-0.11,1.57233,0.17
-0.11,1.57165,0.18
-0.11,1.57096,0.19
-0.11,1.57023,0.2
-0.11,1.56959,0.21
-0.11,1.56891,0.22
-0.11,1.56822,0.23
-0.11,1.56753,0.24
-0.1,1.60176,-0.25
-0.1,1.60108,-0.24
-0.1,1.60039,-0.23
-0.1,1.59971,-0.22
-0.1,1.59902,-0.21
-0.1,1.59834,-0.2
-0.1,1.59765,-0.19
-0.1,1.59697,-0.18
-0.1,1.59628,-0.17
-0.1,1.59559,-0.16
-0.1,1.59491,-0.15
-0.1,1.59422,-0.14
-0.1,1.59354,-0.13
-0.1,1.59285,-0.12
-0.1,1.59217,-0.11
-0.1,1.59148,-0.1
-0.1,1.5908,-0.09
-0.1,1.59011,-0.08
-0.1,1.58943,-0.07
-0.1,1.58874,-0.06
-0.1,1.58805,-0.05
-0.1,1.58737,-0.04
-0.1,1.58668,-0.03
-0.1,1.586,-0.02
-0.1,1.58531,-0.01
-0.1,1.58463,0
-0.1,1.58394,0.01
-0.1,1.58326,0.02
-0.1,1.58257,0.03
-0.1,1.58189,0.04
-0.1,1.5812,0.05
-0.1,1.58051,0.06
-0.1,1.57983,0.07
-0.1,1.57914,0.08
-0.1,1.57846,0.09
-0.1,1.57777,0.1
-0.1,1.57709,0.11
-0.1,1.5764,0.12
-0.1,1.57572,0.13
-0.1,1.57503,0.14
-0.1,1.57435,0.15
-0.1,1.57366,0.16
-0.1,1.57294,0.17
-0.1,1.57229,0.18
-0.1,1.5716,0.19
-0.1,1.57092,0.2
-0.1,1.57023,0.21
-0.1,1.56955,0.22
-0.1,1.56886,0.23
-0.1,1.56818,0.24
-0.09,1.6024,-0.25
-0.09,1.60172,-0.24
-0.09,1.60103,-0.23
-0.09,1.60035,-0.22
-0.09,1.59966,-0.21
-0.09,1.59898,-0.2
-0.09,1.59829,-0.19
-0.09,1.59761,-0.18
-0.09,1.59692,-0.17
-0.09,1.59624,-0.16
-0.09,1.59555,-0.15
-0.09,1.59486,-0.14
-0.09,1.59418,-0.13
-0.09,1.59349,-0.12
-0.09,1.59281,-0.11
-0.09,1.59212,-0.1
-0.09,1.59144,-0.09
-0.09,1.59075,-0.08
-0.09,1.59007,-0.07
-0.09,1.58938,-0.06
-0.09,1.5887,-0.05
-0.09,1.58801,-0.04
-0.09,1.58732,-0.03
-0.09,1.58664,-0.02
-0.09,1.58595,-0.01
-0.09,1.58527,0
-0.09,1.58458,0.01
-0.09,1.5839,0.02
-0.09,1.58321,0.03
-0.09,1.58253,0.04
-0.09,1.58184,0.05
-0.09,1.58116,0.06
-0.09,1.58047,0.07
-0.09,1.57978,0.08
-0.09,1.5791,0.09
-0.09,1.57841,0.1
-0.09,1.57773,0.11
-0.09,1.57704,0.12
-0.09,1.57636,0.13
-0.09,1.57565,0.14
-0.09,1.57499,0.15
-0.09,1.5743,0.16
-0.09,1.57362,0.17
-0.09,1.57293,0.18
-0.09,1.57224,0.19
-0.09,1.57156,0.2
-0.09,1.57087,0.21
-0.09,1.57019,0.22
-0.09,1.5695,0.23
-0.09,1.56882,0.24
-0.08,1.60305,-0.25
-0.08,1.60236,-0.24
-0.08,1.60168,-0.23
-0.08,1.60099,-0.22
-0.08,1.6003,-0.21
-0.08,1.59962,-0.2
-0.08,1.59893,-0.19
-0.08,1.59825,-0.18
-0.08,1.59756,-0.17
-0.08,1.59688,-0.16
-0.08,1.59619,-0.15
-0.08,1.59551,-0.14
-0.08,1.59482,-0.13
-0.08,1.59414,-0.12
-0.08,1.59345,-0.11
-0.08,1.59276,-0.1
-0.08,1.59208,-0.09
-0.08,1.59139,-0.08
-0.08,1.59071,-0.07
-0.08,1.59002,-0.06
-0.08,1.58934,-0.05
-0.08,1.58865,-0.04
-0.08,1.58797,-0.03
-0.08,1.58728,-0.02
-0.08,1.5866,-0.01
-0.08,1.58591,0
-0.08,1.58522,0.01
-0.08,1.58454,0.02
-0.08,1.531,0.03
-0.08,1.58317,0.04
-0.08,1.58248,0.05
-0.08,1.5818,0.06
-0.08,1.58111,0.07
-0.08,1.58043,0.08
-0.08,1.57974,0.09
-0.08,1.57906,0.1
-0.08,1.57836,0.11
-0.08,1.57768,0.12
-0.08,1.577,0.13
-0.08,1.57631,0.14
-0.08,1.57563,0.15
-0.08,1.57494,0.16
-0.08,1.57426,0.17
-0.08,1.57357,0.18
-0.08,1.57289,0.19
-0.08,1.5722,0.2
-0.08,1.57152,0.21
-0.08,1.57083,0.22
-0.08,1.57014,0.23
-0.08,1.56946,0.24
-0.07,1.60369,-0.25
-0.07,1.603,-0.24
-0.07,1.60232,-0.23
-0.07,1.60163,-0.22
-0.07,1.60095,-0.21
-0.07,1.60026,-0.2
-0.07,1.59957,-0.19
-0.07,1.59889,-0.18
-0.07,1.5982,-0.17
-0.07,1.59752,-0.16
-0.07,1.59683,-0.15
-0.07,1.59615,-0.14
-0.07,1.59546,-0.13
-0.07,1.59478,-0.12
-0.07,1.59409,-0.11
-0.07,1.59341,-0.1
-0.07,1.59272,-0.09
-0.07,1.59203,-0.08
-0.07,1.59135,-0.07
-0.07,1.59066,-0.06
-0.07,1.58998,-0.05
-0.07,1.58929,-0.04
-0.07,1.58861,-0.03
-0.07,1.58792,-0.02
-0.07,1.58724,-0.01
-0.07,1.58655,0
-0.07,1.58587,0.01
-0.07,1.58518,0.02
-0.07,1.54169,0.03
-0.07,1.58381,0.04
-0.07,1.58312,0.05
-0.07,1.58244,0.06
-0.07,1.58175,0.07
-0.07,1.58107,0.08
-0.07,1.58038,0.09
-0.07,1.5797,0.1
-0.07,1.57901,0.11
-0.07,1.57833,0.12
-0.07,1.57764,0.13
-0.07,1.57696,0.14
-0.07,1.57627,0.15
-0.07,1.57558,0.16
-0.07,1.5749,0.17
-0.07,1.57421,0.18
-0.07,1.57353,0.19
-0.07,1.57284,0.2
-0.07,1.57216,0.21
-0.07,1.57147,0.22
-0.07,1.57079,0.23
-0.07,1.5701,0.24
-0.06,1.76503,-0.25
-0.06,1.76435,-0.24
-0.06,1.76366,-0.23
-0.06,1.76298,-0.22
-0.06,1.76229,-0.21
-0.06,1.76161,-0.2
-0.06,1.76092,-0.19
-0.06,1.76023,-0.18
-0.06,1.75955,-0.17
-0.06,1.75886,-0.16
-0.06,1.75818,-0.15
-0.06,1.75749,-0.14
-0.06,1.75679,-0.13
-0.06,1.59542,-0.12
-0.06,1.59473,-0.11
-0.06,1.59405,-0.1
-0.06,1.59336,-0.09
-0.06,1.59268,-0.08
-0.06,1.59199,-0.07
-0.06,1.59131,-0.06
-0.06,1.59062,-0.05
-0.06,1.58993,-0.04
-0.06,1.58925,-0.03
-0.06,1.58856,-0.02
-0.06,1.58788,-0.01
-0.06,1.58719,0
-0.06,1.58651,0.01
-0.06,1.58582,0.02
-0.06,1.55237,0.03
-0.06,1.58445,0.04
-0.06,1.58379,0.05
-0.06,1.58308,0.06
-0.06,1.58239,0.07
-0.06,1.58171,0.08
-0.06,1.58102,0.09
-0.06,1.58034,0.1
-0.06,1.57965,0.11
-0.06,1.57897,0.12
-0.06,1.57828,0.13
-0.06,1.5776,0.14
-0.06,1.57691,0.15
-0.06,1.57623,0.16
-0.06,1.57554,0.17
-0.06,1.57485,0.18
-0.06,1.57417,0.19
-0.06,1.57348,0.2
-0.06,1.5728,0.21
-0.06,1.57211,0.22
-0.06,1.57143,0.23
-0.06,1.57074,0.24
-0.05,1.76567,-0.25
-0.05,1.76499,-0.24
-0.05,1.7643,-0.23
-0.05,1.76362,-0.22
-0.05,1.76293,-0.21
-0.05,1.76225,-0.2
-0.05,1.76156,-0.19
-0.05,1.76088,-0.18
-0.05,1.76019,-0.17
-0.05,1.7595,-0.16
-0.05,1.75882,-0.15
-0.05,1.75813,-0.14
-0.05,1.75745,-0.13
-0.05,1.72992,-0.12
-0.05,1.75608,-0.11
-0.05,1.75539,-0.1
-0.05,1.75471,-0.09
-0.05,1.75402,-0.08
-0.05,1.75334,-0.07
-0.05,1.75265,-0.06
-0.05,1.75196,-0.05
-0.05,1.75128,-0.04
-0.05,1.75059,-0.03
-0.05,1.74991,-0.02
-0.05,1.74922,-0.01
-0.05,1.74854,0
-0.05,1.74785,0.01
-0.05,1.74717,0.02
-0.05,1.74648,0.03
-0.05,1.58509,0.04
-0.05,1.58441,0.05
-0.05,1.58372,0.06
-0.05,1.58304,0.07
-0.05,1.58235,0.08
-0.05,1.58167,0.09
-0.05,1.58098,0.1
-0.05,1.58029,0.11
-0.05,1.57961,0.12
-0.05,1.57892,0.13
-0.05,1.57824,0.14
-0.05,1.57755,0.15
-0.05,1.57687,0.16
-0.05,1.57618,0.17
-0.05,1.5755,0.18
-0.05,1.57481,0.19
-0.05,1.57413,0.2
-0.05,1.57345,0.21
-0.05,1.57275,0.22
-0.05,1.57207,0.23
-0.05,1.57138,0.24
-0.04,1.76632,-0.25
-0.04,1.76563,-0.24
-0.04,1.76494,-0.23
-0.04,1.76426,-0.22
-0.04,1.76357,-0.21
-0.04,1.76289,-0.2
-0.04,1.7622,-0.19
-0.04,1.76152,-0.18
-0.04,1.76083,-0.17
-0.04,1.76015,-0.16
-0.04,1.75946,-0.15
-0.04,1.75878,-0.14
-0.04,1.75809,-0.13
-0.04,1.7406,-0.12
-0.04,1.75672,-0.11
-0.04,1.75603,-0.1
-0.04,1.75535,-0.09
-0.04,1.75466,-0.08
-0.04,1.75398,-0.07
-0.04,1.75329,-0.06
-0.04,1.75261,-0.05
-0.04,1.75192,-0.04
-0.04,1.75124,-0.03
-0.04,1.75055,-0.02
-0.04,1.74986,-0.01
-0.04,1.74918,0
-0.04,1.74849,0.01
-0.04,1.74781,0.02
-0.04,1.74712,0.03
-0.04,1.74644,0.04
-0.04,1.74575,0.05
-0.04,1.74507,0.06
-0.04,1.74438,0.07
-0.04,1.7437,0.08
-0.04,1.74301,0.09
-0.04,1.74232,0.1
-0.04,1.74164,0.11
-0.04,1.74095,0.12
-0.04,1.74027,0.13
-0.04,1.73958,0.14
-0.04,1.7389,0.15
-0.04,1.73821,0.16
-0.04,1.73753,0.17
-0.04,1.57614,0.18
-0.04,1.57545,0.19
-0.04,1.57477,0.2
-0.04,1.57408,0.21
-0.04,1.5734,0.22
-0.04,1.57271,0.23
-0.04,1.57202,0.24
-0.03,1.76696,-0.25
-0.03,1.76627,-0.24
-0.03,1.76559,-0.23
-0.03,1.7649,-0.22
-0.03,1.76421,-0.21
-0.03,1.76353,-0.2
-0.03,1.76284,-0.19
-0.03,1.76216,-0.18
-0.03,1.76147,-0.17
-0.03,1.76079,-0.16
-0.03,1.7601,-0.15
-0.03,1.75942,-0.14
-0.03,1.75873,-0.13
-0.03,1.75129,-0.12
-0.03,1.75736,-0.11
-0.03,1.75668,-0.1
-0.03,1.75599,-0.09
-0.03,1.7553,-0.08
-0.03,1.75462,-0.07
-0.03,1.75393,-0.06
-0.03,1.75325,-0.05
-0.03,1.75256,-0.04
-0.03,1.75188,-0.03
-0.03,1.75119,-0.02
-0.03,1.75051,-0.01
-0.03,1.74982,0
-0.03,1.74914,0.01
-0.03,1.74845,0.02
-0.03,1.74776,0.03
-0.03,1.74708,0.04
-0.03,1.74639,0.05
-0.03,1.74571,0.06
-0.03,1.74502,0.07
-0.03,1.74434,0.08
-0.03,1.74365,0.09
-0.03,1.74297,0.1
-0.03,1.74228,0.11
-0.03,1.7416,0.12
-0.03,1.74091,0.13
-0.03,1.74022,0.14
-0.03,1.73954,0.15
-0.03,1.73885,0.16
-0.03,1.73817,0.17
-0.03,1.73748,0.18
-0.03,1.7368,0.19
-0.03,1.56066,0.2
-0.03,1.57002,0.21
-0.03,1.57406,0.22
-0.03,1.57335,0.23
-0.03,1.57267,0.24
-0.02,1.7676,-0.25
-0.02,1.76691,-0.24
-0.02,1.76623,-0.23
-0.02,1.76554,-0.22
-0.02,1.76486,-0.21
-0.02,1.76417,-0.2
-0.02,1.76349,-0.19
-0.02,1.7628,-0.18
-0.02,1.76211,-0.17
-0.02,1.76143,-0.16
-0.02,1.76074,-0.15
-0.02,1.76006,-0.14
-0.02,1.75937,-0.13
-0.02,1.7587,-0.12
-0.02,1.758,-0.11
-0.02,1.75732,-0.1
-0.02,1.75663,-0.09
-0.02,1.75595,-0.08
-0.02,1.75526,-0.07
-0.02,1.75457,-0.06
-0.02,1.75389,-0.05
-0.02,1.7532,-0.04
-0.02,1.75252,-0.03
-0.02,1.75183,-0.02
-0.02,1.75115,-0.01
-0.02,1.75046,0
-0.02,1.74978,0.01
-0.02,1.74909,0.02
-0.02,1.74841,0.03
-0.02,1.74772,0.04
-0.02,1.74703,0.05
-0.02,1.74635,0.06
-0.02,1.74566,0.07
-0.02,1.74498,0.08
-0.02,1.74429,0.09
-0.02,1.74361,0.1
-0.02,1.74292,0.11
-0.02,1.74224,0.12
-0.02,1.74155,0.13
-0.02,1.74087,0.14
-0.02,1.74018,0.15
-0.02,1.73949,0.16
-0.02,1.73881,0.17
-0.02,1.73812,0.18
-0.02,1.73744,0.19
-0.02,1.57605,0.2
-0.02,1.57536,0.21
-0.02,1.57468,0.22
-0.02,1.57399,0.23
-0.02,1.57331,0.24
-0.01,1.76824,-0.25
-0.01,1.76755,-0.24
-0.01,1.76687,-0.23
-0.01,1.76618,-0.22
-0.01,1.7655,-0.21
-0.01,1.76481,-0.2
-0.01,1.76413,-0.19
-0.01,1.76344,-0.18
-0.01,1.76276,-0.17
-0.01,1.76207,-0.16
-0.01,1.76139,-0.15
-0.01,1.7607,-0.14
-0.01,1.76001,-0.13
-0.01,1.75933,-0.12
-0.01,1.75864,-0.11
-0.01,1.75796,-0.1
-0.01,1.75727,-0.09
-0.01,1.75659,-0.08
-0.01,1.7559,-0.07
-0.01,1.75522,-0.06
-0.01,1.75453,-0.05
-0.01,1.75385,-0.04
-0.01,1.75316,-0.03
-0.01,1.75247,-0.02
-0.01,1.75179,-0.01
-0.01,1.7511,0
-0.01,1.75042,0.01
-0.01,1.74973,0.02
-0.01,1.74905,0.03
-0.01,1.74836,0.04
-0.01,1.74768,0.05
-0.01,1.74699,0.06
-0.01,1.74631,0.07
-0.01,1.74562,0.08
-0.01,1.74493,0.09
-0.01,1.74425,0.1
-0.01,1.74356,0.11
-0.01,1.74288,0.12
-0.01,1.74219,0.13
-0.01,1.74151,0.14
-0.01,1.74082,0.15
-0.01,1.74014,0.16
-0.01,1.73945,0.17
-0.01,1.73877,0.18
-0.01,1.73808,0.19
-0.01,1.57669,0.2
-0.01,1.57601,0.21
-0.01,1.57532,0.22
-0.01,1.57463,0.23
-0.01,1.57395,0.24
0,1.76888,-0.25
0,1.7682,-0.24
0,1.76751,-0.23
0,1.76682,-0.22
0,1.76614,-0.21
0,1.76545,-0.2
0,1.76477,-0.19
0,1.76408,-0.18
0,1.7634,-0.17
0,1.76271,-0.16
0,1.76203,-0.15
0,1.76134,-0.14
0,1.76066,-0.13
0,1.75997,-0.12
0,1.75928,-0.11
0,1.7586,-0.1
0,1.75791,-0.09
0,1.75723,-0.08
0,1.75654,-0.07
0,1.75586,-0.06
0,1.75517,-0.05
0,1.75449,-0.04
0,1.7538,-0.03
0,1.75312,-0.02
0,1.75243,-0.01
0,1.75174,0
0,1.75106,0.01
0,1.75037,0.02
0,1.74969,0.03
0,1.749,0.04
0,1.74832,0.05
0,1.74763,0.06
0,1.74695,0.07
0,1.74626,0.08
0,1.74558,0.09
0,1.74489,0.1
0,1.7442,0.11
0,1.74352,0.12
0,1.74283,0.13
0,1.74215,0.14
0,1.74146,0.15
0,1.74078,0.16
0,1.74009,0.17
0,1.73941,0.18
0,1.73872,0.19
0,1.57733,0.2
0,1.57665,0.21
0,1.57596,0.22
0,1.57528,0.23
0,1.57459,0.24
0.01,1.76952,-0.25
0.01,1.76884,-0.24
0.01,1.76815,-0.23
0.01,1.76747,-0.22
0.01,1.76678,-0.21
0.01,1.7661,-0.2
0.01,1.76541,-0.19
0.01,1.76472,-0.18
0.01,1.76404,-0.17
0.01,1.76335,-0.16
0.01,1.76267,-0.15
0.01,1.76198,-0.14
0.01,1.7613,-0.13
0.01,1.76061,-0.12
0.01,1.75993,-0.11
0.01,1.75924,-0.1
0.01,1.75856,-0.09
0.01,1.75787,-0.08
0.01,1.75718,-0.07
0.01,1.7565,-0.06
0.01,1.75581,-0.05
0.01,1.75513,-0.04
0.01,1.75444,-0.03
0.01,1.75376,-0.02
0.01,1.75307,-0.01
0.01,1.75239,0
0.01,1.7517,0.01
0.01,1.75102,0.02
0.01,1.75033,0.03
0.01,1.74964,0.04
0.01,1.74896,0.05
0.01,1.74827,0.06
0.01,1.74759,0.07
0.01,1.7469,0.08
0.01,1.74622,0.09
0.01,1.74553,0.1
0.01,1.74485,0.11
0.01,1.74416,0.12
0.01,1.74348,0.13
0.01,1.74279,0.14
0.01,1.7421,0.15
0.01,1.74142,0.16
0.01,1.74073,0.17
0.01,1.74005,0.18
0.01,1.73936,0.19
0.01,1.57797,0.2
0.01,1.57729,0.21
0.01,1.5766,0.22
0.01,1.57592,0.23
0.01,1.57523,0.24
0.02,1.77016,-0.25
0.02,1.76948,-0.24
0.02,1.76879,-0.23
0.02,1.76811,-0.22
0.02,1.76742,-0.21
0.02,1.76674,-0.2
0.02,1.76605,-0.19
0.02,1.76537,-0.18
0.02,1.76468,-0.17
0.02,1.76399,-0.16
0.02,1.76331,-0.15
0.02,1.76262,-0.14
0.02,1.76194,-0.13
0.02,1.76125,-0.12
0.02,1.76057,-0.11
0.02,1.75988,-0.1
0.02,1.7592,-0.09
0.02,1.75851,-0.08
0.02,1.75783,-0.07
0.02,1.75714,-0.06
0.02,1.75645,-0.05
0.02,1.75577,-0.04
0.02,1.75508,-0.03
0.02,1.7544,-0.02
0.02,1.75371,-0.01
0.02,1.75303,0
0.02,1.75234,0.01
0.02,1.75166,0.02
0.02,1.75097,0.03
0.02,1.75029,0.04
0.02,1.7496,0.05
0.02,1.74892,0.06
0.02,1.74823,0.07
0.02,1.74754,0.08
0.02,1.74686,0.09
0.02,1.74617,0.1
0.02,1.74549,0.11
0.02,1.7448,0.12
0.02,1.74412,0.13
0.02,1.74343,0.14
0.02,1.74275,0.15
0.02,1.74206,0.16
0.02,1.74138,0.17
0.02,1.74069,0.18
0.02,1.74,0.19
0.02,1.57862,0.2
0.02,1.57793,0.21
0.02,1.57724,0.22
0.02,1.57656,0.23
0.02,1.57587,0.24
0.03,1.77081,-0.25
0.03,1.77012,-0.24
0.03,1.76943,-0.23
0.03,1.76875,-0.22
0.03,1.76806,-0.21
0.03,1.76738,-0.2
0.03,1.76669,-0.19
0.03,1.76601,-0.18
0.03,1.76532,-0.17
0.03,1.76464,-0.16
0.03,1.76395,-0.15
0.03,1.76327,-0.14
0.03,1.76258,-0.13
0.03,1.76189,-0.12
0.03,1.76121,-0.11
0.03,1.76052,-0.1
0.03,1.75984,-0.09
0.03,1.75915,-0.08
0.03,1.75847,-0.07
0.03,1.75778,-0.06
0.03,1.7571,-0.05
0.03,1.75641,-0.04
0.03,1.75573,-0.03
0.03,1.75504,-0.02
0.03,1.75435,-0.01
0.03,1.75367,0
0.03,1.75298,0.01
0.03,1.7523,0.02
0.03,1.75161,0.03
0.03,1.75093,0.04
0.03,1.75024,0.05
0.03,1.74956,0.06
0.03,1.74887,0.07
0.03,1.74819,0.08
0.03,1.7475,0.09
0.03,1.74681,0.1
0.03,1.74613,0.11
0.03,1.74544,0.12
0.03,1.74476,0.13
0.03,1.74407,0.14
0.03,1.74339,0.15
0.03,1.7427,0.16
0.03,1.74202,0.17
0.03,1.74133,0.18
0.03,1.74065,0.19
0.03,1.57926,0.2
0.03,1.57857,0.21
0.03,1.57789,0.22
0.03,1.5772,0.23
0.03,1.57651,0.24
0.04,1.77145,-0.25
0.04,1.77076,-0.24
0.04,1.77008,-0.23
0.04,1.76939,-0.22
0.04,1.76871,-0.21
0.04,1.76802,-0.2
0.04,1.76733,-0.19
0.04,1.76665,-0.18
0.04,1.76596,-0.17
0.04,1.76528,-0.16
0.04,1.76459,-0.15
0.04,1.76391,-0.14
0.04,1.76322,-0.13
0.04,1.76254,-0.12
0.04,1.76185,-0.11
0.04,1.76117,-0.1
0.04,1.76048,-0.09
0.04,1.75979,-0.08
0.04,1.75911,-0.07
0.04,1.75842,-0.06
0.04,1.75774,-0.05
0.04,1.75705,-0.04
0.04,1.75637,-0.03
0.04,1.75568,-0.02
0.04,1.755,-0.01
0.04,1.75431,0
0.04,1.75363,0.01
0.04,1.75294,0.02
0.04,1.75225,0.03
0.04,1.75157,0.04
0.04,1.75088,0.05
0.04,1.7502,0.06
0.04,1.74951,0.07
0.04,1.74883,0.08
0.04,1.74814,0.09
0.04,1.74746,0.1
0.04,1.74677,0.11
0.04,1.74609,0.12
0.04,1.7454,0.13
0.04,1.74471,0.14
0.04,1.74403,0.15
0.04,1.74334,0.16
0.04,1.74266,0.17
0.04,1.74197,0.18
0.04,1.74129,0.19
0.04,1.5799,0.2
0.04,1.57921,0.21
0.04,1.57853,0.22
0.04,1.57784,0.23
0.04,1.57716,0.24
0.05,1.77209,-0.25
0.05,1.7714,-0.24
0.05,1.77072,-0.23
0.05,1.77003,-0.22
0.05,1.76935,-0.21
0.05,1.76866,-0.2
0.05,1.76798,-0.19
0.05,1.76729,-0.18
0.05,1.7666,-0.17
0.05,1.76592,-0.16
0.05,1.76523,-0.15
0.05,1.76455,-0.14
0.05,1.76386,-0.13
0.05,1.76318,-0.12
0.05,1.76249,-0.11
0.05,1.76181,-0.1
0.05,1.76112,-0.09
0.05,1.76044,-0.08
0.05,1.75975,-0.07
0.05,1.75906,-0.06
0.05,1.75838,-0.05
0.05,1.75769,-0.04
0.05,1.75701,-0.03
0.05,1.75632,-0.02
0.05,1.75564,-0.01
0.05,1.75495,0
0.05,1.75427,0.01
0.05,1.75358,0.02
0.05,1.7529,0.03
0.05,1.75221,0.04
0.05,1.75152,0.05
0.05,1.75084,0.06
0.05,1.75015,0.07
0.05,1.74947,0.08
0.05,1.74878,0.09
0.05,1.7481,0.1
0.05,1.74741,0.11
0.05,1.74673,0.12
0.05,1.74604,0.13
0.05,1.74536,0.14
0.05,1.74467,0.15
0.05,1.74398,0.16
0.05,1.7433,0.17
0.05,1.74261,0.18
0.05,1.74193,0.19
0.05,1.58054,0.2
0.05,1.57985,0.21
0.05,1.57917,0.22
0.05,1.57848,0.23
0.05,1.5778,0.24
0.06,1.77273,-0.25
0.06,1.77204,-0.24
0.06,1.77136,-0.23
0.06,1.77067,-0.22
0.06,1.76999,-0.21
0.06,1.7693,-0.2
0.06,1.76862,-0.19
0.06,1.76793,-0.18
0.06,1.76725,-0.17
0.06,1.76656,-0.16
0.06,1.76588,-0.15
0.06,1.76519,-0.14
0.06,1.7645,-0.13
0.06,1.76382,-0.12
0.06,1.76313,-0.11
0.06,1.76245,-0.1
0.06,1.76176,-0.09
0.06,1.76108,-0.08
0.06,1.76039,-0.07
0.06,1.75971,-0.06
0.06,1.75902,-0.05
0.06,1.75834,-0.04
0.06,1.75765,-0.03
0.06,1.75696,-0.02
0.06,1.75628,-0.01
0.06,1.75559,0
0.06,1.75491,0.01
0.06,1.75422,0.02
0.06,1.75354,0.03
0.06,1.75285,0.04
0.06,1.75217,0.05
0.06,1.75148,0.06
0.06,1.7508,0.07
0.06,1.75011,0.08
0.06,1.74942,0.09
0.06,1.74874,0.1
0.06,1.74805,0.11
0.06,1.74737,0.12
0.06,1.74668,0.13
0.06,1.746,0.14
0.06,1.74531,0.15
0.06,1.74463,0.16
0.06,1.74394,0.17
0.06,1.74326,0.18
0.06,1.74257,0.19
0.06,1.58118,0.2
0.06,1.5805,0.21
0.06,1.57981,0.22
0.06,1.57912,0.23
0.06,1.57844,0.24
0.07,1.77337,-0.25
0.07,1.77269,-0.24
0.07,1.772,-0.23
0.07,1.77131,-0.22
0.07,1.77063,-0.21
0.07,1.76994,-0.2
0.07,1.76926,-0.19
0.07,1.76857,-0.18
0.07,1.76789,-0.17
0.07,1.7672,-0.16
0.07,1.76652,-0.15
0.07,1.76583,-0.14
0.07,1.76515,-0.13
0.07,1.76448,-0.12
0.07,1.76377,-0.11
0.07,1.76309,-0.1
0.07,1.7624,-0.09
0.07,1.76172,-0.08
0.07,1.76103,-0.07
0.07,1.76035,-0.06
0.07,1.75966,-0.05
0.07,1.75898,-0.04
0.07,1.75829,-0.03
0.07,1.75761,-0.02
0.07,1.75692,-0.01
0.07,1.75623,0
0.07,1.75555,0.01
0.07,1.75486,0.02
0.07,1.75418,0.03
0.07,1.75349,0.04
0.07,1.75281,0.05
0.07,1.75212,0.06
0.07,1.75144,0.07
0.07,1.75075,0.08
0.07,1.75007,0.09
0.07,1.74938,0.1
0.07,1.7487,0.11
0.07,1.74801,0.12
0.07,1.74732,0.13
0.07,1.74664,0.14
0.07,1.74595,0.15
0.07,1.74527,0.16
0.07,1.74458,0.17
0.07,1.7439,0.18
0.07,1.74321,0.19
0.07,1.58182,0.2
0.07,1.58114,0.21
0.07,1.58045,0.22
0.07,1.57977,0.23
0.07,1.57908,0.24
0.08,1.77401,-0.25
0.08,1.77333,-0.24
0.08,1.77264,-0.23
0.08,1.77196,-0.22
0.08,1.77127,-0.21
0.08,1.77059,-0.2
0.08,1.7699,-0.19
0.08,1.76921,-0.18
0.08,1.76853,-0.17
0.08,1.76784,-0.16
0.08,1.76716,-0.15
0.08,1.76647,-0.14
0.08,1.71294,-0.13
0.08,1.7651,-0.12
0.08,1.76442,-0.11
0.08,1.76373,-0.1
0.08,1.76305,-0.09
0.08,1.76236,-0.08
0.08,1.76167,-0.07
0.08,1.76099,-0.06
0.08,1.7603,-0.05
0.08,1.75962,-0.04
0.08,1.75893,-0.03
0.08,1.75825,-0.02
0.08,1.75756,-0.01
0.08,1.75688,0
0.08,1.75619,0.01
0.08,1.75551,0.02
0.08,1.75482,0.03
0.08,1.75413,0.04
0.08,1.75345,0.05
0.08,1.75276,0.06
0.08,1.75208,0.07
0.08,1.75139,0.08
0.08,1.75071,0.09
0.08,1.75002,0.1
0.08,1.74934,0.11
0.08,1.74865,0.12
0.08,1.74797,0.13
0.08,1.74728,0.14
0.08,1.74659,0.15
0.08,1.74591,0.16
0.08,1.74522,0.17
0.08,1.74454,0.18
0.08,1.58315,0.19
0.08,1.58246,0.2
0.08,1.58178,0.21
0.08,1.58109,0.22
0.08,1.58041,0.23
0.08,1.57972,0.24
0.09,1.77465,-0.25
0.09,1.77397,-0.24
0.09,1.77328,-0.23
0.09,1.7726,-0.22
0.09,1.77191,-0.21
0.09,1.77123,-0.2
0.09,1.77054,-0.19
0.09,1.76986,-0.18
0.09,1.76917,-0.17
0.09,1.76848,-0.16
0.09,1.7678,-0.15
0.09,1.76711,-0.14
0.09,1.72362,-0.13
0.09,1.76574,-0.12
0.09,1.76506,-0.11
0.09,1.76437,-0.1
0.09,1.76369,-0.09
0.09,1.763,-0.08
0.09,1.76232,-0.07
0.09,1.76163,-0.06
0.09,1.76095,-0.05
0.09,1.76026,-0.04
0.09,1.75957,-0.03
0.09,1.75889,-0.02
0.09,1.7582,-0.01
0.09,1.75752,0
0.09,1.75683,0.01
0.09,1.75615,0.02
0.09,1.75546,0.03
0.09,1.75478,0.04
0.09,1.75409,0.05
0.09,1.75341,0.06
0.09,1.75272,0.07
0.09,1.75203,0.08
0.09,1.75135,0.09
0.09,1.75066,0.1
0.09,1.74998,0.11
0.09,1.74929,0.12
0.09,1.74861,0.13
0.09,1.74792,0.14
0.09,1.74724,0.15
0.09,1.74655,0.16
0.09,1.74587,0.17
0.09,1.74518,0.18
0.09,1.58379,0.19
0.09,1.58313,0.2
0.09,1.58242,0.21
0.09,1.58173,0.22
0.09,1.58105,0.23
0.09,1.58036,0.24
0.1,1.7753,-0.25
0.1,1.77461,-0.24
0.1,1.77392,-0.23
0.1,1.77324,-0.22
0.1,1.77255,-0.21
0.1,1.77187,-0.2
0.1,1.77118,-0.19
0.1,1.7705,-0.18
0.1,1.76981,-0.17
0.1,1.76913,-0.16
0.1,1.76844,-0.15
0.1,1.76776,-0.14
0.1,1.73431,-0.13
0.1,1.76638,-0.12
0.1,1.7657,-0.11
0.1,1.76501,-0.1
0.1,1.76433,-0.09
0.1,1.76364,-0.08
0.1,1.76296,-0.07
0.1,1.76227,-0.06
0.1,1.76159,-0.05
0.1,1.7609,-0.04
0.1,1.76022,-0.03
0.1,1.75953,-0.02
0.1,1.75884,-0.01
0.1,1.75816,0
0.1,1.75747,0.01
0.1,1.75679,0.02
0.1,1.7561,0.03
0.1,1.75542,0.04
0.1,1.75473,0.05
0.1,1.75405,0.06
0.1,1.75336,0.07
0.1,1.75268,0.08
0.1,1.75199,0.09
0.1,1.7513,0.1
0.1,1.75062,0.11
0.1,1.74993,0.12
0.1,1.74925,0.13
0.1,1.74856,0.14
0.1,1.74788,0.15
0.1,1.74719,0.16
0.1,1.74651,0.17
0.1,1.74582,0.18
0.1,1.58443,0.19
0.1,1.58375,0.2
0.1,1.58306,0.21
0.1,1.58238,0.22
0.1,1.58169,0.23
0.1,1.581,0.24
0.11,1.77594,-0.25
0.11,1.77525,-0.24
0.11,1.77457,-0.23
0.11,1.77388,-0.22
0.11,1.7732,-0.21
0.11,1.77251,-0.2
0.11,1.77182,-0.19
0.11,1.77114,-0.18
0.11,1.77045,-0.17
0.11,1.76977,-0.16
0.11,1.76908,-0.15
0.11,1.7684,-0.14
0.11,1.74499,-0.13
0.11,1.76703,-0.12
0.11,1.76634,-0.11
0.11,1.76567,-0.1
0.11,1.76497,-0.09
0.11,1.76428,-0.08
0.11,1.7636,-0.07
0.11,1.76291,-0.06
0.11,1.76223,-0.05
0.11,1.76154,-0.04
0.11,1.76086,-0.03
0.11,1.76017,-0.02
0.11,1.75949,-0.01
0.11,1.7588,0
0.11,1.75812,0.01
0.11,1.75743,0.02
0.11,1.75674,0.03
0.11,1.75606,0.04
0.11,1.75537,0.05
0.11,1.75469,0.06
0.11,1.754,0.07
0.11,1.75332,0.08
0.11,1.75263,0.09
0.11,1.75195,0.1
0.11,1.75126,0.11
0.11,1.75058,0.12
0.11,1.74989,0.13
0.11,1.7492,0.14
0.11,1.74852,0.15
0.11,1.74783,0.16
0.11,1.74715,0.17
0.11,1.74646,0.18
0.11,1.58507,0.19
0.11,1.58439,0.2
0.11,1.5837,0.21
0.11,1.58302,0.22
0.11,1.58233,0.23
0.11,1.58165,0.24
0.12,1.76459,-0.25
0.12,1.77395,-0.24
0.12,1.77521,-0.23
0.12,1.77452,-0.22
0.12,1.77384,-0.21
0.12,1.77315,-0.2
0.12,1.77247,-0.19
0.12,1.77178,-0.18
0.12,1.77109,-0.17
0.12,1.77041,-0.16
0.12,1.76975,-0.15
0.12,1.76904,-0.14
0.12,1.75568,-0.13
0.12,1.76767,-0.12
0.12,1.76698,-0.11
0.12,1.7663,-0.1
0.12,1.76561,-0.09
0.12,1.76493,-0.08
0.12,1.76424,-0.07
0.12,1.76355,-0.06
0.12,1.76287,-0.05
0.12,1.76218,-0.04
0.12,1.7615,-0.03
0.12,1.76081,-0.02
0.12,1.76013,-0.01
0.12,1.75944,0
0.12,1.75876,0.01
0.12,1.75807,0.02
0.12,1.75739,0.03
0.12,1.7567,0.04
0.12,1.75601,0.05
0.12,1.75533,0.06
0.12,1.75464,0.07
0.12,1.75396,0.08
0.12,1.75327,0.09
0.12,1.75259,0.1
0.12,1.7519,0.11
0.12,1.75122,0.12
0.12,1.75053,0.13
0.12,1.74985,0.14
0.12,1.74916,0.15
0.12,1.74848,0.16
0.12,1.74779,0.17
0.12,1.7471,0.18
0.12,1.58572,0.19
0.12,1.58503,0.2
0.12,1.58434,0.21
0.12,1.58366,0.22
0.12,1.58297,0.23
0.12,1.58229,0.24
0.13,1.77241,-0.25
0.13,1.77175,-0.24
0.13,1.77108,-0.23
0.13,1.77041,-0.22
0.13,1.76974,-0.21
0.13,1.76908,-0.2
0.13,1.76808,-0.19
0.13,1.76258,-0.18
0.13,1.75708,-0.17
0.13,1.70293,-0.16
0.13,1.71228,-0.15
0.13,1.72164,-0.14
0.13,1.731,-0.13
0.13,1.74036,-0.12
0.13,1.74972,-0.11
0.13,1.75908,-0.1
0.13,1.76626,-0.09
0.13,1.76557,-0.08
0.13,1.76488,-0.07
0.13,1.7642,-0.06
0.13,1.76351,-0.05
0.13,1.76283,-0.04
0.13,1.76214,-0.03
0.13,1.76145,-0.02
0.13,1.76077,-0.01
0.13,1.76008,0
0.13,1.75941,0.01
0.13,1.75871,0.02
0.13,1.75803,0.03
0.13,1.75734,0.04
0.13,1.75666,0.05
0.13,1.75597,0.06
0.13,1.75529,0.07
0.13,1.7546,0.08
0.13,1.75391,0.09
0.13,1.75323,0.1
0.13,1.75254,0.11
0.13,1.75186,0.12
0.13,1.75117,0.13
0.13,1.75049,0.14
0.13,1.7498,0.15
0.13,1.74912,0.16
0.13,1.74843,0.17
0.13,1.74775,0.18
0.13,1.58636,0.19
0.13,1.58567,0.2
0.13,1.58499,0.21
0.13,1.5843,0.22
0.13,1.58361,0.23
0.13,1.58293,0.24
0.14,1.77439,-0.25
0.14,1.77373,-0.24
0.14,1.77306,-0.23
0.14,1.77239,-0.22
0.14,1.77172,-0.21
0.14,1.77106,-0.2
0.14,1.77039,-0.19
0.14,1.76972,-0.18
0.14,1.76906,-0.17
0.14,1.76839,-0.16
0.14,1.76772,-0.15
0.14,1.76706,-0.14
0.14,1.76639,-0.13
0.14,1.76572,-0.12
0.14,1.76506,-0.11
0.14,1.76439,-0.1
0.14,1.76372,-0.09
0.14,1.76306,-0.08
0.14,1.76239,-0.07
0.14,1.75922,-0.06
0.14,1.75372,-0.05
0.14,1.74822,-0.04
0.14,1.74272,-0.03
0.14,1.70991,-0.02
0.14,1.69741,-0.01
0.14,1.70677,0
0.14,1.71613,0.01
0.14,1.72549,0.02
0.14,1.73485,0.03
0.14,1.74421,0.04
0.14,1.75357,0.05
0.14,1.75664,0.06
0.14,1.75593,0.07
0.14,1.75524,0.08
0.14,1.75456,0.09
0.14,1.75387,0.1
0.14,1.75319,0.11
0.14,1.7525,0.12
0.14,1.75181,0.13
0.14,1.75113,0.14
0.14,1.75044,0.15
0.14,1.74976,0.16
0.14,1.74907,0.17
0.14,1.74839,0.18
0.14,1.587,0.19
0.14,1.58631,0.2
0.14,1.58563,0.21
0.14,1.58494,0.22
0.14,1.58426,0.23
0.14,1.58357,0.24
0.15,1.77637,-0.25
0.15,1.7757,-0.24
0.15,1.77504,-0.23
0.15,1.77437,-0.22
0.15,1.7737,-0.21
0.15,1.77304,-0.2
0.15,1.77237,-0.19
0.15,1.7717,-0.18
0.15,1.77104,-0.17
0.15,1.77037,-0.16
0.15,1.7697,-0.15
0.15,1.76904,-0.14
0.15,1.76837,-0.13
0.15,1.7677,-0.12
0.15,1.76704,-0.11
0.15,1.76637,-0.1
0.15,1.7657,-0.09
0.15,1.76504,-0.08
0.15,1.76437,-0.07
0.15,1.7637,-0.06
0.15,1.76304,-0.05
0.15,1.76237,-0.04
0.15,1.7617,-0.03
0.15,1.76103,-0.02
0.15,1.76037,-0.01
0.15,1.7597,0
0.15,1.75903,0.01
0.15,1.75837,0.02
0.15,1.7577,0.03
0.15,1.75703,0.04
0.15,1.75637,0.05
0.15,1.7557,0.06
0.15,1.75035,0.07
0.15,1.74485,0.08
0.15,1.73936,0.09
0.15,1.72943,0.1
0.15,1.72836,0.11
0.15,1.71721,0.12
0.15,1.70827,0.13
0.15,1.69652,0.14
0.15,1.70126,0.15
0.15,1.71062,0.16
0.15,1.71998,0.17
0.15,1.72934,0.18
0.15,1.58764,0.19
0.15,1.58695,0.2
0.15,1.58627,0.21
0.15,1.58558,0.22
0.15,1.5849,0.23
0.15,1.58421,0.24
0.16,1.77835,-0.25
0.16,1.77768,-0.24
0.16,1.77702,-0.23
0.16,1.77635,-0.22
0.16,1.77568,-0.21
0.16,1.77502,-0.2
0.16,1.77435,-0.19
0.16,1.77368,-0.18
0.16,1.77302,-0.17
0.16,1.77235,-0.16
0.16,1.77168,-0.15
0.16,1.77102,-0.14
0.16,1.77035,-0.13
0.16,1.76968,-0.12
0.16,1.76902,-0.11
0.16,1.76835,-0.1
0.16,1.76768,-0.09
0.16,1.76702,-0.08
0.16,1.76635,-0.07
0.16,1.76568,-0.06
0.16,1.76502,-0.05
0.16,1.76435,-0.04
0.16,1.76368,-0.03
0.16,1.76301,-0.02
0.16,1.76235,-0.01
0.16,1.76168,0
0.16,1.76101,0.01
0.16,1.76035,0.02
0.16,1.75968,0.03
0.16,1.75901,0.04
0.16,1.75835,0.05
0.16,1.75768,0.06
0.16,1.75701,0.07
0.16,1.75635,0.08
0.16,1.75568,0.09
0.16,1.75501,0.1
0.16,1.75435,0.11
0.16,1.75368,0.12
0.16,1.75301,0.13
0.16,1.75235,0.14
0.16,1.75168,0.15
0.16,1.75104,0.16
0.16,1.75036,0.17
0.16,1.74967,0.18
0.16,1.58828,0.19
0.16,1.5876,0.2
0.16,1.58691,0.21
0.16,1.58622,0.22
0.16,1.58554,0.23
0.16,1.58485,0.24
0.17,1.77979,-0.25
0.17,1.7791,-0.24
0.17,1.77841,-0.23
0.17,1.77773,-0.22
0.17,1.77704,-0.21
0.17,1.77636,-0.2
0.17,1.77567,-0.19
0.17,1.77499,-0.18
0.17,1.7743,-0.17
0.17,1.77362,-0.16
0.17,1.77293,-0.15
0.17,1.77225,-0.14
0.17,1.77156,-0.13
0.17,1.77087,-0.12
0.17,1.77019,-0.11
0.17,1.7695,-0.1
0.17,1.76882,-0.09
0.17,1.76813,-0.08
0.17,1.76745,-0.07
0.17,1.76676,-0.06
0.17,1.76608,-0.05
0.17,1.76539,-0.04
0.17,1.76471,-0.03
0.17,1.76402,-0.02
0.17,1.76333,-0.01
0.17,1.76265,0
0.17,1.76196,0.01
0.17,1.76128,0.02
0.17,1.76059,0.03
0.17,1.75991,0.04
0.17,1.75922,0.05
0.17,1.75854,0.06
0.17,1.75785,0.07
0.17,1.75717,0.08
0.17,1.75648,0.09
0.17,1.75579,0.1
0.17,1.75511,0.11
0.17,1.75442,0.12
0.17,1.75374,0.13
0.17,1.75305,0.14
0.17,1.75237,0.15
0.17,1.75168,0.16
0.17,1.751,0.17
0.17,1.75031,0.18
0.17,1.58169,0.19
0.17,1.577,0.2
0.17,1.57231,0.21
0.17,1.56762,0.22
0.17,1.56293,0.23
0.17,1.55823,0.24
0.18,1.78043,-0.25
0.18,1.77974,-0.24
0.18,1.77906,-0.23
0.18,1.77837,-0.22
0.18,1.77769,-0.21
0.18,1.777,-0.2
0.18,1.77631,-0.19
0.18,1.77563,-0.18
0.18,1.77494,-0.17
0.18,1.77426,-0.16
0.18,1.77357,-0.15
0.18,1.77289,-0.14
0.18,1.7722,-0.13
0.18,1.77152,-0.12
0.18,1.77083,-0.11
0.18,1.77015,-0.1
0.18,1.76946,-0.09
0.18,1.76877,-0.08
0.18,1.76809,-0.07
0.18,1.7674,-0.06
0.18,1.76672,-0.05
0.18,1.76603,-0.04
0.18,1.76535,-0.03
0.18,1.76466,-0.02
0.18,1.76398,-0.01
0.18,1.76329,0
0.18,1.76261,0.01
0.18,1.76192,0.02
0.18,1.76123,0.03
0.18,1.76055,0.04
0.18,1.75986,0.05
0.18,1.75918,0.06
0.18,1.75849,0.07
0.18,1.75781,0.08
0.18,1.75712,0.09
0.18,1.75644,0.1
0.18,1.75575,0.11
0.18,1.75507,0.12
0.18,1.75438,0.13
0.18,1.75369,0.14
0.18,1.75301,0.15
0.18,1.75232,0.16
0.18,1.75164,0.17
0.18,1.75095,0.18
0.18,1.58956,0.19
0.18,1.58888,0.2
0.18,1.58819,0.21
0.18,1.58751,0.22
0.18,1.58682,0.23
0.18,1.58614,0.24
0.19,1.67279,-0.25
0.19,1.68214,-0.24
0.19,1.6915,-0.23
0.19,1.70086,-0.22
0.19,1.71022,-0.21
0.19,1.71958,-0.2
0.19,1.72894,-0.19
0.19,1.7383,-0.18
0.19,1.74766,-0.17
0.19,1.75702,-0.16
0.19,1.76638,-0.15
0.19,1.77354,-0.14
0.19,1.77284,-0.13
0.19,1.77216,-0.12
0.19,1.77147,-0.11
0.19,1.77079,-0.1
0.19,1.7701,-0.09
0.19,1.76942,-0.08
0.19,1.76873,-0.07
0.19,1.76804,-0.06
0.19,1.76738,-0.05
0.19,1.76667,-0.04
0.19,1.76599,-0.03
0.19,1.7653,-0.02
0.19,1.76462,-0.01
0.19,1.76393,0
0.19,1.76325,0.01
0.19,1.76256,0.02
0.19,1.76188,0.03
0.19,1.76119,0.04
0.19,1.7605,0.05
0.19,1.75982,0.06
0.19,1.75913,0.07
0.19,1.75845,0.08
0.19,1.75776,0.09
0.19,1.75708,0.1
0.19,1.75639,0.11
0.19,1.75571,0.12
0.19,1.75502,0.13
0.19,1.75434,0.14
0.19,1.75365,0.15
0.19,1.75297,0.16
0.19,1.75228,0.17
0.19,1.75159,0.18
0.19,1.59021,0.19
0.19,1.58952,0.2
0.19,1.58883,0.21
0.19,1.58815,0.22
0.19,1.58746,0.23
0.19,1.58678,0.24
0.2,1.52689,-0.25
0.2,1.53625,-0.24
0.2,1.54561,-0.23
0.2,1.55496,-0.22
0.2,1.56432,-0.21
0.2,1.57368,-0.2
0.2,1.58304,-0.19
0.2,1.5924,-0.18
0.2,1.60176,-0.17
0.2,1.61112,-0.16
0.2,1.62048,-0.15
0.2,1.62984,-0.14
0.2,1.6392,-0.13
0.2,1.64856,-0.12
0.2,1.65791,-0.11
0.2,1.66727,-0.1
0.2,1.67663,-0.09
0.2,1.68599,-0.08
0.2,1.69535,-0.07
0.2,1.70471,-0.06
0.2,1.71407,-0.05
0.2,1.72343,-0.04
0.2,1.73279,-0.03
0.2,1.74215,-0.02
0.2,1.7515,-0.01
0.2,1.76086,0
0.2,1.76392,0.01
0.2,1.7632,0.02
0.2,1.76252,0.03
0.2,1.76183,0.04
0.2,1.76115,0.05
0.2,1.76046,0.06
0.2,1.75978,0.07
0.2,1.75909,0.08
0.2,1.7584,0.09
0.2,1.75772,0.1
0.2,1.75703,0.11
0.2,1.75635,0.12
0.2,1.75566,0.13
0.2,1.75498,0.14
0.2,1.75429,0.15
0.2,1.75361,0.16
0.2,1.75292,0.17
0.2,1.75224,0.18
0.2,1.59055,0.19
0.2,1.58983,0.2
0.2,1.58923,0.21
0.2,1.58863,0.22
0.2,1.58801,0.23
0.2,1.58739,0.24
0.21,1.38099,-0.25
0.21,1.39035,-0.24
0.21,1.39971,-0.23
0.21,1.40907,-0.22
0.21,1.41843,-0.21
0.21,1.42779,-0.2
0.21,1.43714,-0.19
0.21,1.4465,-0.18
0.21,1.45546,-0.17
0.21,1.46522,-0.16
0.21,1.47458,-0.15
0.21,1.48394,-0.14
0.21,1.4933,-0.13
0.21,1.50266,-0.12
0.21,1.51202,-0.11
0.21,1.52138,-0.1
0.21,1.53074,-0.09
0.21,1.54009,-0.08
0.21,1.54945,-0.07
0.21,1.55881,-0.06
0.21,1.56817,-0.05
0.21,1.57753,-0.04
0.21,1.58689,-0.03
0.21,1.59625,-0.02
0.21,1.6052,-0.01
0.21,1.61497,0
0.21,1.62433,0.01
0.21,1.63368,0.02
0.21,1.64304,0.03
0.21,1.6524,0.04
0.21,1.66176,0.05
0.21,1.67112,0.06
0.21,1.68048,0.07
0.21,1.68984,0.08
0.21,1.6992,0.09
0.21,1.70856,0.1
0.21,1.71792,0.11
0.21,1.72728,0.12
0.21,1.73663,0.13
0.21,1.74599,0.14
0.21,1.75494,0.15
0.21,1.75425,0.16
0.21,1.75356,0.17
0.21,1.75288,0.18
0.21,1.59149,0.19
0.21,1.5908,0.2
0.21,1.59012,0.21
0.21,1.58943,0.22
0.21,1.58875,0.23
0.21,1.58806,0.24
0.22,1.23509,-0.25
0.22,1.24445,-0.24
0.22,1.25381,-0.23
0.22,1.26317,-0.22
0.22,1.27253,-0.21
0.22,1.28189,-0.2
0.22,1.29125,-0.19
0.22,1.3006,-0.18
0.22,1.30996,-0.17
0.22,1.31932,-0.16
0.22,1.32868,-0.15
0.22,1.33804,-0.14
0.22,1.3474,-0.13
0.22,1.35676,-0.12
0.22,1.36612,-0.11
0.22,1.37548,-0.1
0.22,1.38484,-0.09
0.22,1.39419,-0.08
0.22,1.40355,-0.07
0.22,1.41291,-0.06
0.22,1.42227,-0.05
0.22,1.43163,-0.04
0.22,1.44099,-0.03
0.22,1.45035,-0.02
0.22,1.45971,-0.01
0.22,1.46907,0
0.22,1.47843,0.01
0.22,1.48779,0.02
0.22,1.49715,0.03
0.22,1.5065,0.04
0.22,1.51586,0.05
0.22,1.52522,0.06
0.22,1.53458,0.07
0.22,1.54394,0.08
0.22,1.5533,0.09
0.22,1.56266,0.1
0.22,1.57202,0.11
0.22,1.58138,0.12
0.22,1.59074,0.13
0.22,1.6001,0.14
0.22,1.60945,0.15
0.22,1.61881,0.16
0.22,1.62817,0.17
0.22,1.59282,0.18
0.22,1.59213,0.19
0.22,1.59144,0.2
0.22,1.59076,0.21
0.22,1.59007,0.22
0.22,1.58939,0.23
0.22,1.5887,0.24
0.23,5.72205e-06,-0.25
0.23,5.72205e-06,-0.24
0.23,5.72205e-06,-0.23
0.23,5.72205e-06,-0.22
0.23,5.72205e-06,-0.21
0.23,5.72205e-06,-0.2
0.23,1.14535,-0.19
0.23,1.15471,-0.18
0.23,1.16407,-0.17
0.23,1.17342,-0.16
0.23,1.18278,-0.15
0.23,1.19214,-0.14
0.23,1.2015,-0.13
0.23,1.21086,-0.12
0.23,1.22022,-0.11
0.23,1.22958,-0.1
0.23,1.23894,-0.09
0.23,1.2483,-0.08
0.23,1.25766,-0.07
0.23,1.26702,-0.06
0.23,1.27638,-0.05
0.23,1.28573,-0.04
0.23,1.29509,-0.03
0.23,1.30445,-0.02
0.23,1.31381,-0.01
0.23,1.32317,0
0.23,1.33253,0.01
0.23,1.34189,0.02
0.23,1.35125,0.03
0.23,1.36061,0.04
0.23,1.36997,0.05
0.23,1.37932,0.06
0.23,1.38868,0.07
0.23,1.39804,0.08
0.23,1.4074,0.09
0.23,1.41676,0.1
0.23,1.42612,0.11
0.23,1.43548,0.12
0.23,1.44484,0.13
0.23,1.4542,0.14
0.23,1.46356,0.15
0.23,1.47292,0.16
0.23,1.48227,0.17
0.23,1.49163,0.18
0.23,1.50099,0.19
0.23,1.51035,0.2
0.23,1.51971,0.21
0.23,1.52907,0.22
0.23,1.53843,0.23
0.23,1.54779,0.24
0.24,6.19888e-06,-0.25
0.24,6.19888e-06,-0.24
0.24,6.19888e-06,-0.23
0.24,6.19888e-06,-0.22
0.24,6.19888e-06,-0.21
0.24,6.19888e-06,-0.2
0.24,6.19888e-06,-0.19
0.24,6.19888e-06,-0.18
0.24,6.19888e-06,-0.17
0.24,6.19888e-06,-0.16
0.24,6.19888e-06,-0.15
0.24,6.19888e-06,-0.14
0.24,6.19888e-06,-0.13
0.24,6.19888e-06,-0.12
0.24,6.19888e-06,-0.11
0.24,6.19888e-06,-0.1
0.24,6.19888e-06,-0.09
0.24,6.19888e-06,-0.08
0.24,6.19888e-06,-0.07
0.24,6.19888e-06,-0.06
0.24,6.19888e-06,-0.05
0.24,1.13984,-0.04
0.24,1.1492,-0.03
0.24,1.15855,-0.02
0.24,1.16791,-0.01
0.24,1.17727,0
0.24,1.18663,0.01
0.24,1.19599,0.02
0.24,1.20535,0.03
0.24,1.21471,0.04
0.24,1.22407,0.05
0.24,1.23343,0.06
0.24,1.24279,0.07
0.24,1.25214,0.08
0.24,1.2615,0.09
0.24,1.27086,0.1
0.24,1.2775,0.11
0.24,1.28958,0.12
0.24,1.29894,0.13
0.24,1.3083,0.14
0.24,1.31766,0.15
0.24,1.32702,0.16
0.24,1.33638,0.17
0.24,1.34574,0.18
0.24,1.3551,0.19
0.24,1.36445,0.2
0.24,1.37381,0.21
0.24,1.38317,0.22
0.24,1.39253,0.23
0.24,1.40189,0.24
