-0.248315,1.76179,-0.248315
-0.248464,1.76075,-0.238525
-0.248613,1.75971,-0.228724
-0.248762,1.75866,-0.218911
-0.248911,1.75762,-0.209086
-0.249061,1.75657,-0.199249
-0.249211,1.75553,-0.1894
-0.249361,1.75448,-0.17954
-0.249511,1.75343,-0.169667
-0.249661,1.75237,-0.159783
-0.249811,1.75132,-0.149887
-0.249962,1.75027,-0.139979
-0.250113,1.74921,-0.130059
-0.250263,1.74816,-0.120126
-0.250415,1.7471,-0.110182
-0.250566,1.74604,-0.100226
-0.250717,1.74498,-0.0902583
-0.250869,1.74392,-0.0802781
-0.251021,1.74285,-0.0702859
-0.251173,1.74179,-0.0602815
-0.251325,1.74072,-0.050265
-0.251478,1.73966,-0.0402364
-0.256736,1.70285,-0.0308083
-0.256913,1.70161,-0.020553
-0.256825,1.70223,-0.010273
-0.256262,1.70616,0
-0.255702,1.71008,0.0102281
-0.255145,1.71399,0.0204116
-0.25459,1.71787,0.0305507
-0.254037,1.72174,0.0406459
-0.253486,1.7256,0.0506973
-0.253008,1.72895,0.0607218
-0.253166,1.72783,0.0708866
-0.253321,1.72675,0.0810628
-0.253476,1.72567,0.0912514
-0.253631,1.72458,0.101452
-0.253786,1.7235,0.111666
-0.253942,1.72241,0.121892
-0.254097,1.72132,0.132131
-0.254253,1.72023,0.142382
-0.254409,1.71914,0.152645
-0.254565,1.71804,0.162922
-0.254722,1.71695,0.173211
-0.254878,1.71585,0.183512
-0.255035,1.71476,0.193827
-0.255192,1.71366,0.204153
-0.255349,1.71256,0.214493
-0.255506,1.71146,0.224846
-0.255664,1.71035,0.235211
-0.255822,1.70925,0.245589
-0.238254,1.76273,-0.248181
-0.238396,1.76169,-0.238396
-0.238539,1.76065,-0.2286
-0.238682,1.75961,-0.218792
-0.238825,1.75857,-0.208972
-0.238969,1.75752,-0.199141
-0.239112,1.75647,-0.189297
-0.239256,1.75543,-0.179442
-0.2394,1.75438,-0.169575
-0.239544,1.75333,-0.159696
-0.239688,1.75227,-0.149805
-0.239832,1.75122,-0.139902
-0.239977,1.75017,-0.129988
-0.240122,1.74911,-0.120061
-0.240267,1.74806,-0.110122
-0.240412,1.747,-0.100172
-0.240557,1.74594,-0.0902089
-0.240703,1.74488,-0.0802342
-0.240848,1.74382,-0.0702474
-0.240994,1.74275,-0.0602485
-0.24114,1.74169,-0.0502375
-0.241286,1.74062,-0.0402144
-0.241432,1.73956,-0.0301791
-0.241579,1.73849,-0.0201316
-0.241726,1.73742,-0.0100719
-0.241873,1.73635,0
-0.24202,1.73527,0.0100841
-0.242167,1.7342,0.0201806
-0.242314,1.73313,0.0302893
-0.242462,1.73205,0.0404103
-0.24261,1.73097,0.0505437
-0.248477,1.68819,0.0621191
-0.247928,1.69219,0.0723124
-0.247382,1.69617,0.0824607
-0.246838,1.70014,0.0925644
-0.246297,1.70408,0.102624
-0.245758,1.70801,0.112639
-0.245222,1.71193,0.122611
-0.244688,1.71582,0.132539
-0.244156,1.7197,0.142424
-0.244097,1.72012,0.152561
-0.244247,1.71903,0.162831
-0.244397,1.71794,0.173114
-0.244547,1.71684,0.18341
-0.244697,1.71575,0.193719
-0.244848,1.71465,0.20404
-0.244999,1.71355,0.214374
-0.245149,1.71245,0.22472
-0.2453,1.71135,0.23508
-0.245452,1.71025,0.245452
-0.228203,1.76368,-0.248046
-0.228339,1.76264,-0.238267
-0.228476,1.7616,-0.228476
-0.228613,1.76055,-0.218673
-0.22875,1.75951,-0.208859
-0.228887,1.75847,-0.199032
-0.229025,1.75742,-0.189194
-0.229162,1.75637,-0.179344
-0.2293,1.75533,-0.169483
-0.229438,1.75428,-0.159609
-0.229576,1.75323,-0.149723
-0.229714,1.75217,-0.139826
-0.229853,1.75112,-0.129917
-0.229991,1.75007,-0.119995
-0.23013,1.74901,-0.110062
-0.230269,1.74795,-0.100117
-0.230408,1.7469,-0.0901596
-0.230547,1.74584,-0.0801903
-0.230687,1.74478,-0.0702089
-0.230826,1.74371,-0.0602155
-0.230966,1.74265,-0.05021
-0.231106,1.74159,-0.0401923
-0.231246,1.74052,-0.0301625
-0.231386,1.73945,-0.0201205
-0.231526,1.73839,-0.0100664
-0.231667,1.73732,0
-0.231807,1.73625,0.0100786
-0.231949,1.73517,0.0201695
-0.23209,1.7341,0.0302726
-0.232231,1.73302,0.040388
-0.232373,1.73195,0.0505158
-0.232514,1.73087,0.0606559
-0.232656,1.72979,0.0708084
-0.232798,1.72871,0.0809732
-0.23294,1.72763,0.0911505
-0.233083,1.72655,0.10134
-0.233225,1.72546,0.111542
-0.233368,1.72438,0.121757
-0.23351,1.72329,0.131984
-0.238274,1.68704,0.145037
-0.238931,1.68204,0.155825
-0.238402,1.68607,0.165845
-0.237875,1.69008,0.175821
-0.237351,1.69407,0.185753
-0.236829,1.69804,0.195641
-0.236309,1.702,0.205486
-0.235791,1.70594,0.215288
-0.235276,1.70986,0.225046
-0.234949,1.71235,0.234949
-0.235093,1.71125,0.245315
-0.220316,1.74749,-0.250359
-0.219767,1.75186,-0.239745
-0.21922,1.7562,-0.229185
-0.218676,1.76053,-0.218676
-0.218686,1.76045,-0.208745
-0.218817,1.75941,-0.198924
-0.218948,1.75837,-0.189092
-0.21908,1.75732,-0.179247
-0.219211,1.75627,-0.16939
-0.219343,1.75523,-0.159522
-0.219475,1.75418,-0.149642
-0.219607,1.75313,-0.13975
-0.219739,1.75207,-0.129846
-0.219872,1.75102,-0.11993
-0.220004,1.74997,-0.110002
-0.220137,1.74891,-0.100062
-0.22027,1.74785,-0.0901104
-0.220403,1.7468,-0.0801465
-0.220536,1.74574,-0.0701705
-0.220669,1.74468,-0.0601826
-0.220803,1.74361,-0.0501825
-0.220937,1.74255,-0.0401703
-0.22107,1.74149,-0.030146
-0.221204,1.74042,-0.0201095
-0.221339,1.73935,-0.0100608
-0.221473,1.73828,0
-0.221607,1.73721,0.0100731
-0.221742,1.73614,0.0201584
-0.221877,1.73507,0.0302559
-0.222012,1.734,0.0403658
-0.222147,1.73292,0.050488
-0.222282,1.73184,0.0606225
-0.222418,1.73077,0.0707693
-0.222553,1.72969,0.0809285
-0.222689,1.72861,0.0911002
-0.222825,1.72753,0.101284
-0.222961,1.72644,0.111481
-0.223098,1.72536,0.12169
-0.223234,1.72427,0.131911
-0.223371,1.72319,0.142145
-0.223508,1.7221,0.152392
-0.223645,1.72101,0.162651
-0.223782,1.71992,0.172922
-0.223919,1.71882,0.183207
-0.224057,1.71773,0.193503
-0.224194,1.71664,0.203813
-0.224332,1.71554,0.214135
-0.22447,1.71444,0.22447
-0.229833,1.67178,0.24028
-0.229321,1.67585,0.250169
-0.215987,1.70011,-0.257128
-0.215434,1.70472,-0.24621
-0.214884,1.7093,-0.235349
-0.214336,1.71387,-0.224543
-0.213791,1.71841,-0.213791
-0.213249,1.72292,-0.203095
-0.21271,1.72742,-0.192452
-0.212174,1.73189,-0.181863
-0.21164,1.73633,-0.171327
-0.211109,1.74076,-0.160845
-0.21058,1.74516,-0.150414
-0.210054,1.74955,-0.140036
-0.209637,1.75303,-0.129775
-0.209763,1.75197,-0.119865
-0.209889,1.75092,-0.109942
-0.210016,1.74987,-0.100008
-0.210143,1.74881,-0.0900611
-0.21027,1.74775,-0.0801027
-0.210397,1.7467,-0.0701322
-0.210524,1.74564,-0.0601496
-0.210651,1.74457,-0.050155
-0.210778,1.74351,-0.0401483
-0.210906,1.74245,-0.0301294
-0.211034,1.74138,-0.0200985
-0.211162,1.74032,-0.0100553
-0.21129,1.73925,0
-0.211418,1.73818,0.0100675
-0.211547,1.73711,0.0201473
-0.211675,1.73604,0.0302393
-0.211804,1.73497,0.0403436
-0.211933,1.73389,0.0504602
-0.212062,1.73282,0.0605891
-0.212191,1.73174,0.0707303
-0.21232,1.73066,0.0808839
-0.21245,1.72959,0.0910499
-0.212579,1.72851,0.101228
-0.212709,1.72742,0.111419
-0.212839,1.72634,0.121622
-0.212969,1.72526,0.131838
-0.2131,1.72417,0.142066
-0.21323,1.72308,0.152307
-0.213361,1.72199,0.16256
-0.213491,1.7209,0.172826
-0.213622,1.71981,0.183105
-0.213753,1.71872,0.193396
-0.213885,1.71763,0.2037
-0.214016,1.71653,0.214016
-0.214148,1.71544,0.224345
-0.214279,1.71434,0.234687
-0.214411,1.71324,0.245041
-0.211418,1.6501,-0.264272
-0.210861,1.65497,-0.253033
-0.210308,1.65981,-0.241854
-0.209757,1.66463,-0.230733
-0.209209,1.66942,-0.21967
-0.208664,1.67419,-0.208664
-0.208122,1.67893,-0.197716
-0.207583,1.68365,-0.186825
-0.207046,1.68834,-0.175989
-0.206513,1.69301,-0.16521
-0.205982,1.69766,-0.154486
-0.205454,1.70228,-0.143817
-0.204928,1.70688,-0.133203
-0.204405,1.71146,-0.122643
-0.203885,1.71601,-0.112137
-0.203367,1.72054,-0.101684
-0.202852,1.72504,-0.0912836
-0.20234,1.72952,-0.080936
-0.20183,1.73398,-0.0706406
-0.201323,1.73842,-0.0603969
-0.200818,1.74284,-0.0502046
-0.200632,1.74447,-0.0401263
-0.200753,1.74341,-0.0301129
-0.200875,1.74235,-0.0200875
-0.200996,1.74128,-0.0100498
-0.201118,1.74022,0
-0.20124,1.73915,0.010062
-0.201362,1.73808,0.0201362
-0.201485,1.73701,0.0302227
-0.201607,1.73594,0.0403214
-0.20173,1.73487,0.0504324
-0.201852,1.73379,0.0605557
-0.201975,1.73272,0.0706913
-0.202098,1.73164,0.0808393
-0.202221,1.73056,0.0909997
-0.202345,1.72948,0.101172
-0.202468,1.7284,0.111358
-0.202592,1.72732,0.121555
-0.202716,1.72624,0.131765
-0.20284,1.72515,0.141988
-0.202964,1.72407,0.152223
-0.203088,1.72298,0.16247
-0.203212,1.72189,0.172731
-0.203337,1.7208,0.183003
-0.203462,1.71971,0.193289
-0.203587,1.71862,0.203587
-0.203712,1.71752,0.213897
-0.203837,1.71643,0.22422
-0.203962,1.71533,0.234556
-0.204088,1.71423,0.244905
-0.205571,1.60658,-0.270488
-0.205694,1.60545,-0.259823
-0.205816,1.60432,-0.249146
-0.204918,1.6126,-0.237274
-0.204368,1.61766,-0.22588
-0.203821,1.62271,-0.214548
-0.203276,1.62772,-0.203276
-0.202735,1.63271,-0.192064
-0.202196,1.63767,-0.180912
-0.20166,1.6426,-0.169819
-0.201127,1.64751,-0.158785
-0.200597,1.65239,-0.147809
-0.20007,1.65725,-0.13689
-0.199545,1.66208,-0.126029
-0.199024,1.66689,-0.115224
-0.198505,1.67167,-0.104476
-0.197988,1.67643,-0.0937838
-0.197474,1.68116,-0.0831471
-0.196963,1.68586,-0.0725654
-0.196455,1.69055,-0.0620384
-0.195949,1.69521,-0.0515656
-0.195446,1.69984,-0.0411465
-0.194945,1.70445,-0.0307808
-0.194447,1.70904,-0.0204681
-0.193952,1.7136,-0.010208
-0.193459,1.71814,0
-0.192968,1.72266,0.0101562
-0.19248,1.72716,0.0202611
-0.191995,1.73163,0.0303149
-0.191512,1.73608,0.0403182
-0.191538,1.73584,0.0504047
-0.191654,1.73476,0.0605224
-0.191771,1.73369,0.0706524
-0.191888,1.73261,0.0807948
-0.192004,1.73154,0.0909495
-0.192122,1.73046,0.101117
-0.192239,1.72938,0.111296
-0.192356,1.7283,0.121488
-0.192474,1.72722,0.131692
-0.192591,1.72613,0.141909
-0.192709,1.72505,0.152139
-0.192827,1.72396,0.16238
-0.192945,1.72288,0.172635
-0.193063,1.72179,0.182902
-0.193181,1.7207,0.193181
-0.1933,1.71961,0.203474
-0.193419,1.71851,0.213778
-0.193537,1.71742,0.224096
-0.193656,1.71632,0.234426
-0.193775,1.71523,0.244769
-0.194646,1.60761,-0.270342
-0.194762,1.60648,-0.259683
-0.194879,1.60535,-0.249012
-0.194995,1.60421,-0.238327
-0.195112,1.60308,-0.22763
-0.195228,1.60195,-0.216921
-0.195345,1.60081,-0.206198
-0.195462,1.59967,-0.195462
-0.19558,1.59853,-0.184714
-0.195697,1.59739,-0.173953
-0.195814,1.59625,-0.163179
-0.195464,1.59966,-0.152027
-0.194935,1.60479,-0.140787
-0.19441,1.6099,-0.129607
-0.193887,1.61499,-0.118487
-0.193367,1.62004,-0.107426
-0.19285,1.62507,-0.0964249
-0.192335,1.63007,-0.0854824
-0.191824,1.63505,-0.0745981
-0.191315,1.64,-0.0637716
-0.190808,1.64492,-0.0530024
-0.190305,1.64981,-0.04229
-0.189804,1.65468,-0.031634
-0.189306,1.65953,-0.021034
-0.18881,1.66435,-0.0104894
-0.188317,1.66914,0
-0.187826,1.67391,0.0104348
-0.187338,1.67866,0.0208153
-0.186853,1.68338,0.0311421
-0.18637,1.68807,0.0414155
-0.185889,1.69274,0.0516359
-0.185411,1.69739,0.0618037
-0.184936,1.70202,0.0719194
-0.184462,1.70661,0.0819833
-0.183992,1.71119,0.0919959
-0.183523,1.71574,0.101957
-0.183057,1.72027,0.111868
-0.182594,1.72478,0.121729
-0.182243,1.7282,0.13162
-0.182354,1.72711,0.141831
-0.182465,1.72603,0.152054
-0.182577,1.72495,0.162291
-0.182689,1.72386,0.172539
-0.182801,1.72277,0.182801
-0.182912,1.72168,0.193074
-0.183025,1.72059,0.203361
-0.183137,1.7195,0.21366
-0.183249,1.71841,0.223971
-0.183362,1.71732,0.234296
-0.183475,1.71622,0.244633
-0.183733,1.60863,-0.270196
-0.183843,1.6075,-0.259543
-0.183953,1.60637,-0.248877
-0.184062,1.60524,-0.238199
-0.184173,1.60411,-0.227507
-0.184283,1.60297,-0.216803
-0.184393,1.60184,-0.206086
-0.184503,1.6007,-0.195356
-0.184614,1.59956,-0.184614
-0.184725,1.59842,-0.173858
-0.184835,1.59728,-0.16309
-0.184946,1.59614,-0.152309
-0.185057,1.595,-0.141514
-0.185169,1.59385,-0.130707
-0.18528,1.59271,-0.119887
-0.185391,1.59156,-0.109054
-0.185503,1.59041,-0.0982074
-0.185615,1.58926,-0.0873481
-0.185727,1.58811,-0.0764756
-0.185839,1.58696,-0.0655901
-0.185373,1.59175,-0.0545215
-0.18487,1.59693,-0.0434988
-0.184369,1.60208,-0.0325358
-0.183871,1.60721,-0.0216319
-0.183376,1.6123,-0.0107868
-0.182884,1.61737,0
-0.182394,1.62241,0.0107291
-0.181907,1.62743,0.0214008
-0.181422,1.63242,0.0320157
-0.18094,1.63738,0.0425741
-0.180461,1.64232,0.0530766
-0.179984,1.64723,0.0635236
-0.179509,1.65211,0.0739155
-0.179037,1.65697,0.0842528
-0.178568,1.6618,0.0945358
-0.178101,1.66661,0.104765
-0.177636,1.67139,0.114941
-0.177174,1.67615,0.125064
-0.176714,1.68088,0.135134
-0.176257,1.68559,0.145153
-0.175802,1.69028,0.155119
-0.175349,1.69494,0.165034
-0.174899,1.69957,0.174899
-0.174451,1.70418,0.184712
-0.174005,1.70877,0.194476
-0.173561,1.71334,0.20419
-0.17312,1.71788,0.213854
-0.172973,1.7194,0.223847
-0.173079,1.71831,0.234166
-0.173185,1.71721,0.244497
-0.172832,1.60965,-0.27005
-0.172935,1.60852,-0.259403
-0.173038,1.60739,-0.248743
-0.173142,1.60626,-0.23807
-0.173245,1.60513,-0.227384
-0.173349,1.604,-0.216686
-0.173452,1.60286,-0.205975
-0.173556,1.60173,-0.195251
-0.17366,1.60059,-0.184514
-0.173764,1.59946,-0.173764
-0.173868,1.59832,-0.163001
-0.173973,1.59717,-0.152226
-0.174077,1.59603,-0.141438
-0.174182,1.59489,-0.130636
-0.174286,1.59374,-0.119822
-0.174391,1.5926,-0.108994
-0.174496,1.59145,-0.0981539
-0.174601,1.5903,-0.0873005
-0.174706,1.58915,-0.0764339
-0.174811,1.588,-0.0655543
-0.174917,1.58685,-0.0546615
-0.175022,1.58569,-0.0437556
-0.175128,1.58454,-0.0328365
-0.175234,1.58338,-0.0219042
-0.17534,1.58222,-0.0109587
-0.175446,1.58106,0
-0.175552,1.5799,0.010972
-0.175658,1.57874,0.0219573
-0.175765,1.57757,0.0329559
-0.175198,1.58377,0.0437995
-0.17472,1.589,0.0546001
-0.174245,1.59419,0.065342
-0.173773,1.59936,0.0760257
-0.173303,1.6045,0.0866515
-0.172836,1.60961,0.0972201
-0.172371,1.61469,0.107732
-0.171909,1.61975,0.118187
-0.171449,1.62478,0.128586
-0.170991,1.62978,0.13893
-0.170536,1.63476,0.149219
-0.170084,1.63971,0.159453
-0.169633,1.64463,0.169633
-0.169186,1.64953,0.17976
-0.16874,1.6544,0.189833
-0.168297,1.65925,0.199853
-0.169336,1.64789,0.21167
-0.167418,1.66887,0.219736
-0.166982,1.67364,0.2296
-0.166548,1.67838,0.239412
-0.166116,1.6831,0.249174
-0.161943,1.61067,-0.269905
-0.162039,1.60954,-0.259263
-0.162136,1.60841,-0.248608
-0.162233,1.60729,-0.237941
-0.16233,1.60616,-0.227261
-0.162427,1.60502,-0.216569
-0.162524,1.60389,-0.205863
-0.162621,1.60276,-0.195145
-0.162718,1.60162,-0.184414
-0.162816,1.60049,-0.17367
-0.162913,1.59935,-0.162913
-0.163011,1.59821,-0.152143
-0.163109,1.59707,-0.141361
-0.163206,1.59592,-0.130565
-0.163304,1.59478,-0.119757
-0.163403,1.59364,-0.108935
-0.163501,1.59249,-0.0981005
-0.163599,1.59134,-0.0872529
-0.163698,1.59019,-0.0763923
-0.163796,1.58904,-0.0655186
-0.163895,1.58789,-0.0546317
-0.163994,1.58674,-0.0437317
-0.164093,1.58558,-0.0328186
-0.164192,1.58443,-0.0218923
-0.164291,1.58327,-0.0109527
-0.164391,1.58211,0
-0.16449,1.58095,0.010966
-0.16459,1.57979,0.0219453
-0.164689,1.57863,0.0329379
-0.164789,1.57746,0.0439438
-0.164889,1.57629,0.054963
-0.164989,1.57513,0.0659956
-0.165089,1.57396,0.0770416
-0.16519,1.57279,0.0881011
-0.16529,1.57162,0.099174
-0.165391,1.57044,0.11026
-0.165491,1.56927,0.12136
-0.165592,1.56809,0.132474
-0.164937,1.57573,0.142946
-0.164486,1.581,0.15352
-0.164037,1.58624,0.164037
-0.16359,1.59145,0.174496
-0.163146,1.59663,0.184899
-0.162704,1.60178,0.195245
-0.162926,1.5992,0.206373
-0.161828,1.61201,0.21577
-0.161393,1.61708,0.22595
-0.160961,1.62212,0.236076
-0.160531,1.62714,0.246147
-0.160103,1.63213,0.256165
-0.151065,1.61168,-0.269759
-0.151155,1.61056,-0.259123
-0.151245,1.60943,-0.248474
-0.151335,1.60831,-0.237813
-0.151426,1.60718,-0.227139
-0.151516,1.60605,-0.216452
-0.151607,1.60492,-0.205752
-0.151697,1.60378,-0.195039
-0.151788,1.60265,-0.184314
-0.151879,1.60151,-0.173576
-0.15197,1.60038,-0.162825
-0.152061,1.59924,-0.152061
-0.152152,1.5981,-0.141284
-0.152243,1.59696,-0.130494
-0.152335,1.59582,-0.119692
-0.152426,1.59467,-0.108876
-0.152518,1.59353,-0.0980472
-0.15261,1.59238,-0.0872055
-0.152701,1.59123,-0.0763507
-0.152793,1.59008,-0.0654829
-0.152885,1.58893,-0.0546019
-0.152978,1.58778,-0.0437079
-0.15307,1.58663,-0.0328007
-0.153162,1.58547,-0.0218803
-0.153255,1.58432,-0.0109468
-0.153347,1.58316,0
-0.15344,1.582,0.01096
-0.153533,1.58084,0.0219333
-0.153626,1.57968,0.0329198
-0.153719,1.57851,0.0439197
-0.153812,1.57735,0.0549329
-0.153905,1.57618,0.0659594
-0.153999,1.57502,0.0769993
-0.154092,1.57385,0.0880527
-0.154186,1.57268,0.0991194
-0.15428,1.57151,0.1102
-0.154373,1.57033,0.121293
-0.154467,1.56916,0.132401
-0.154561,1.56798,0.143521
-0.154656,1.5668,0.154656
-0.15475,1.56563,0.165804
-0.154844,1.56445,0.176965
-0.154939,1.56326,0.18814
-0.155034,1.56208,0.199329
-0.155128,1.5609,0.210531
-0.155223,1.55971,0.221747
-0.155318,1.55852,0.232977
-0.15459,1.56762,0.242928
-0.154165,1.57293,0.253272
-0.153743,1.57821,0.263559
-0.140199,1.6127,-0.269614
-0.140283,1.61158,-0.258984
-0.140366,1.61045,-0.24834
-0.14045,1.60933,-0.237685
-0.140534,1.6082,-0.227016
-0.140618,1.60707,-0.216335
-0.140702,1.60594,-0.205641
-0.140786,1.60481,-0.194934
-0.14087,1.60368,-0.184214
-0.140954,1.60254,-0.173482
-0.141038,1.60141,-0.162737
-0.141123,1.60027,-0.151978
-0.141207,1.59913,-0.141207
-0.141292,1.59799,-0.130423
-0.141377,1.59685,-0.119627
-0.141462,1.59571,-0.108817
-0.141547,1.59456,-0.0979939
-0.141632,1.59342,-0.087158
-0.141717,1.59227,-0.0763091
-0.141802,1.59112,-0.0654472
-0.141888,1.58997,-0.0545722
-0.141973,1.58882,-0.043684
-0.142059,1.58767,-0.0327828
-0.142144,1.58652,-0.0218684
-0.14223,1.58536,-0.0109408
-0.142316,1.58421,0
-0.142402,1.58305,0.010954
-0.142488,1.58189,0.0219213
-0.142574,1.58073,0.0329018
-0.142661,1.57957,0.0438956
-0.142747,1.5784,0.0549027
-0.142834,1.57724,0.0659232
-0.14292,1.57607,0.0769571
-0.143007,1.57491,0.0880043
-0.143094,1.57374,0.099065
-0.143181,1.57257,0.110139
-0.143268,1.57139,0.121227
-0.143355,1.57022,0.132328
-0.143442,1.56905,0.143442
-0.14353,1.56787,0.15457
-0.143617,1.56669,0.165712
-0.143705,1.56551,0.176867
-0.143792,1.56433,0.188036
-0.14388,1.56315,0.199219
-0.143968,1.56197,0.210415
-0.144056,1.56078,0.221625
-0.144144,1.5596,0.232848
-0.144232,1.55841,0.244086
-0.144326,1.55715,0.255345
-0.144409,1.55603,0.266602
-0.129345,1.61372,-0.269469
-0.129422,1.6126,-0.258844
-0.129499,1.61147,-0.248207
-0.129576,1.61035,-0.237556
-0.129653,1.60922,-0.226894
-0.129731,1.60809,-0.216218
-0.129808,1.60696,-0.20553
-0.129886,1.60583,-0.194829
-0.129963,1.6047,-0.184115
-0.130041,1.60357,-0.173388
-0.130119,1.60243,-0.162649
-0.130197,1.6013,-0.151896
-0.130275,1.60016,-0.141131
-0.130353,1.59902,-0.130353
-0.130431,1.59788,-0.119562
-0.130509,1.59674,-0.108758
-0.130588,1.5956,-0.0979406
-0.130666,1.59445,-0.0871106
-0.130745,1.59331,-0.0762676
-0.130823,1.59216,-0.0654116
-0.130902,1.59101,-0.0545424
-0.130981,1.58986,-0.0436602
-0.13106,1.58871,-0.0327649
-0.131139,1.58756,-0.0218564
-0.131218,1.58641,-0.0109348
-0.131297,1.58525,0
-0.131376,1.5841,0.010948
-0.131456,1.58294,0.0219093
-0.131535,1.58178,0.0328838
-0.131615,1.58062,0.0438716
-0.131694,1.57946,0.0548727
-0.131774,1.57829,0.0658871
-0.131854,1.57713,0.0769149
-0.131934,1.57596,0.087956
-0.132014,1.57479,0.0990106
-0.132094,1.57363,0.110079
-0.132175,1.57245,0.12116
-0.132255,1.57128,0.132255
-0.132335,1.57011,0.143363
-0.132416,1.56893,0.154485
-0.132497,1.56776,0.165621
-0.132577,1.56658,0.17677
-0.132658,1.5654,0.187932
-0.132739,1.56422,0.199109
-0.13282,1.56304,0.210299
-0.132901,1.56186,0.221502
-0.132983,1.56067,0.232719
-0.133064,1.55948,0.243951
-0.133145,1.5583,0.255195
-0.133227,1.55711,0.266454
-0.118503,1.61473,-0.269324
-0.118573,1.61361,-0.258705
-0.118644,1.61249,-0.248073
-0.118714,1.61136,-0.237428
-0.118785,1.61024,-0.226771
-0.118856,1.60911,-0.216101
-0.118927,1.60798,-0.205419
-0.118998,1.60686,-0.194723
-0.119069,1.60573,-0.184015
-0.11914,1.60459,-0.173294
-0.119211,1.60346,-0.162561
-0.119282,1.60233,-0.151814
-0.119354,1.60119,-0.141054
-0.119425,1.60005,-0.130282
-0.119497,1.59891,-0.119497
-0.119568,1.59777,-0.108699
-0.11964,1.59663,-0.0978875
-0.119712,1.59549,-0.0870633
-0.119784,1.59435,-0.0762262
-0.119856,1.5932,-0.065376
-0.119928,1.59205,-0.0545128
-0.12,1.59091,-0.0436364
-0.120072,1.58976,-0.032747
-0.120145,1.5886,-0.0218445
-0.120217,1.58745,-0.0109288
-0.12029,1.5863,0
-0.120362,1.58514,0.010942
-0.120435,1.58399,0.0218973
-0.120508,1.58283,0.0328658
-0.120581,1.58167,0.0438476
-0.120654,1.58051,0.0548426
-0.120727,1.57935,0.065851
-0.1208,1.57818,0.0768727
-0.120873,1.57702,0.0879078
-0.120946,1.57585,0.0989562
-0.12102,1.57468,0.110018
-0.121093,1.57351,0.121093
-0.121167,1.57234,0.132182
-0.121241,1.57117,0.143284
-0.121314,1.57,0.1544
-0.121388,1.56882,0.165529
-0.121468,1.56756,0.17668
-0.121536,1.56647,0.187829
-0.12161,1.56529,0.198999
-0.121685,1.56411,0.210182
-0.121759,1.56293,0.22138
-0.121833,1.56174,0.232591
-0.121908,1.56056,0.243816
-0.121982,1.55937,0.255054
-0.122057,1.55818,0.266306
-0.107672,1.61575,-0.269179
-0.107736,1.61463,-0.258566
-0.1078,1.6135,-0.247939
-0.107864,1.61238,-0.237301
-0.107928,1.61126,-0.226649
-0.107992,1.61013,-0.215985
-0.108057,1.60901,-0.205308
-0.108121,1.60788,-0.194618
-0.108186,1.60675,-0.183916
-0.10825,1.60562,-0.173201
-0.108315,1.60449,-0.162473
-0.10838,1.60335,-0.151732
-0.108445,1.60222,-0.140978
-0.10851,1.60108,-0.130212
-0.108575,1.59994,-0.119432
-0.10864,1.59881,-0.10864
-0.108705,1.59767,-0.0978343
-0.10877,1.59652,-0.087016
-0.108835,1.59538,-0.0761847
-0.108901,1.59424,-0.0653404
-0.108966,1.59309,-0.0544831
-0.109032,1.59194,-0.0436127
-0.109097,1.5908,-0.0327292
-0.109163,1.58965,-0.0218326
-0.109229,1.5885,-0.0109229
-0.109295,1.58734,0
-0.109361,1.58619,0.0109361
-0.109427,1.58503,0.0218853
-0.109493,1.58388,0.0328478
-0.109559,1.58272,0.0438236
-0.109625,1.58156,0.0548126
-0.109692,1.5804,0.0658149
-0.109758,1.57924,0.0768306
-0.109824,1.57807,0.0878596
-0.109891,1.57691,0.0989019
-0.109958,1.57574,0.109958
-0.110024,1.57457,0.121027
-0.110091,1.5734,0.13211
-0.110158,1.57223,0.143206
-0.110225,1.57106,0.154315
-0.110292,1.56989,0.165438
-0.110359,1.56871,0.176575
-0.110427,1.56753,0.187725
-0.110494,1.56636,0.198889
-0.110561,1.56518,0.210066
-0.110629,1.564,0.221258
-0.110696,1.56281,0.232462
-0.110764,1.56163,0.243681
-0.110832,1.56045,0.254913
-0.110899,1.55926,0.266159
-0.088625,1.77674,-0.246181
-0.09691,1.61564,-0.258427
-0.0969676,1.61452,-0.247806
-0.0970253,1.6134,-0.237173
-0.097083,1.61227,-0.226527
-0.0971408,1.61115,-0.215868
-0.0971987,1.61003,-0.205197
-0.0972566,1.6089,-0.194513
-0.0973146,1.60777,-0.183817
-0.0973727,1.60664,-0.173107
-0.0974309,1.60551,-0.162385
-0.0974891,1.60438,-0.15165
-0.0975474,1.60325,-0.140902
-0.0976057,1.60211,-0.130141
-0.0976642,1.60097,-0.119367
-0.0977227,1.59984,-0.108581
-0.0977813,1.5987,-0.0977813
-0.0978399,1.59756,-0.0869688
-0.0978986,1.59642,-0.0761434
-0.0979574,1.59527,-0.0653049
-0.0980162,1.59413,-0.0544535
-0.0980752,1.59298,-0.043589
-0.0981342,1.59184,-0.0327114
-0.0981932,1.59069,-0.0218207
-0.0982524,1.58954,-0.0109169
-0.0983116,1.58839,0
-0.0983709,1.58723,0.0109301
-0.0984302,1.58608,0.0218734
-0.100357,1.54861,0.0334525
-0.0985491,1.58377,0.0437996
-0.0986087,1.58261,0.0547826
-0.0986683,1.58145,0.0657789
-0.0987268,1.58031,0.0767875
-0.0987878,1.57913,0.0878114
-0.0988533,1.57785,0.0988533
-0.0989076,1.5768,0.109897
-0.0989676,1.57563,0.12096
-0.0990277,1.57446,0.132037
-0.0990878,1.57329,0.143127
-0.0991481,1.57212,0.15423
-0.0992084,1.57095,0.165347
-0.0992687,1.56977,0.176478
-0.0993292,1.5686,0.187622
-0.0993897,1.56742,0.198779
-0.0994503,1.56624,0.209951
-0.0995109,1.56507,0.221135
-0.0995717,1.56388,0.232334
-0.0996325,1.5627,0.243546
-0.0996934,1.56152,0.254772
-0.0997543,1.56033,0.266012
-0.0787355,1.77766,-0.246048
-0.0787823,1.77664,-0.236347
-0.0788291,1.77561,-0.226634
-0.0788759,1.77459,-0.216909
-0.0789228,1.77356,-0.207172
-0.0789698,1.77254,-0.197424
-0.0790168,1.77151,-0.187665
-0.0790639,1.77048,-0.177894
-0.079111,1.76945,-0.168111
-0.0791582,1.76841,-0.158316
-0.0792055,1.76738,-0.14851
-0.0866101,1.6054,-0.151568
-0.0866619,1.60427,-0.140826
-0.0867137,1.60314,-0.130071
-0.0867656,1.602,-0.119303
-0.0868175,1.60087,-0.108522
-0.0868696,1.59973,-0.0977283
-0.0869216,1.59859,-0.0869216
-0.0869738,1.59745,-0.076102
-0.087026,1.59631,-0.0652695
-0.0870782,1.59516,-0.0544239
-0.0871305,1.59402,-0.0435653
-0.0871829,1.59287,-0.0326936
-0.0872354,1.59173,-0.0218088
-0.0872879,1.59058,-0.010911
-0.0873405,1.58943,0
-0.0873931,1.58828,0.0109241
-0.0874458,1.58712,0.0218614
-0.0887081,1.55951,0.0332655
-0.0875514,1.58481,0.0437757
-0.0876042,1.58366,0.0547527
-0.0876572,1.5825,0.0657429
-0.0877102,1.58134,0.0767465
-0.0877633,1.58018,0.0877633
-0.0878165,1.57902,0.0987935
-0.0878697,1.57785,0.109837
-0.0879229,1.57669,0.120894
-0.0879763,1.57552,0.131964
-0.0880297,1.57435,0.143048
-0.0880832,1.57318,0.154146
-0.0881367,1.57201,0.165256
-0.0881903,1.57084,0.176381
-0.088244,1.56966,0.187518
-0.0882977,1.56849,0.19867
-0.0883515,1.56731,0.209835
-0.0884053,1.56613,0.221013
-0.0884593,1.56495,0.232206
-0.0885133,1.56377,0.243411
-0.0885673,1.56259,0.254631
-0.0886215,1.56141,0.265864
-0.0688566,1.77858,-0.245916
-0.0688975,1.77756,-0.23622
-0.0689384,1.77654,-0.226512
-0.0689793,1.77552,-0.216792
-0.0690203,1.77449,-0.207061
-0.0690614,1.77347,-0.197318
-0.0691025,1.77244,-0.187564
-0.0691436,1.77141,-0.177798
-0.0691848,1.77038,-0.16802
-0.0692261,1.76935,-0.158231
-0.0692674,1.76832,-0.14843
-0.0693087,1.76728,-0.138617
-0.0693501,1.76625,-0.128793
-0.0693916,1.76521,-0.118957
-0.0694321,1.7642,-0.109108
-0.0694746,1.76313,-0.0992494
-0.0695162,1.76209,-0.089378
-0.0695579,1.76105,-0.0794947
-0.0695996,1.76001,-0.0695996
-0.0696413,1.75897,-0.0596925
-0.076152,1.5962,-0.0543943
-0.0761978,1.59506,-0.0435416
-0.0762436,1.59391,-0.0326758
-0.0762894,1.59276,-0.021797
-0.0763353,1.59162,-0.010905
-0.0763813,1.59047,0
-0.0764273,1.58932,0.0109182
-0.0764733,1.58817,0.0218495
-0.0771883,1.57029,0.0330807
-0.0765656,1.58586,0.0437518
-0.0766118,1.5847,0.0547227
-0.0766581,1.58355,0.065707
-0.0767045,1.58239,0.0767045
-0.0767509,1.58123,0.0877153
-0.0767973,1.58007,0.0987394
-0.0768438,1.5789,0.109777
-0.0768904,1.57774,0.120828
-0.076937,1.57657,0.131892
-0.0769837,1.57541,0.14297
-0.0770304,1.57424,0.154061
-0.0770772,1.57307,0.165165
-0.0771241,1.5719,0.176284
-0.077171,1.57073,0.187415
-0.0772179,1.56955,0.19856
-0.077265,1.56838,0.209719
-0.077312,1.5672,0.220892
-0.0773592,1.56602,0.232078
-0.0774064,1.56484,0.243277
-0.0774536,1.56366,0.25449
-0.0775009,1.56248,0.265717
-0.0589883,1.77951,-0.245785
-0.0590233,1.77849,-0.236093
-0.0590583,1.77747,-0.22639
-0.0590934,1.77644,-0.216676
-0.0591285,1.77542,-0.20695
-0.0591636,1.77439,-0.197212
-0.0591988,1.77337,-0.187463
-0.0592341,1.77234,-0.177702
-0.0592693,1.77131,-0.16793
-0.0593046,1.77028,-0.158146
-0.05934,1.76925,-0.14835
-0.0593754,1.76822,-0.138543
-0.0594109,1.76718,-0.128724
-0.0594463,1.76615,-0.118893
-0.0594812,1.76513,-0.109049
-0.0595174,1.76407,-0.0991957
-0.059553,1.76304,-0.0893296
-0.0595887,1.762,-0.0794516
-0.0596244,1.76095,-0.0695618
-0.0596602,1.75991,-0.0596602
-0.0596959,1.75887,-0.0497466
-0.0597318,1.75782,-0.0398212
-0.0597676,1.75678,-0.0298838
-0.0598036,1.75573,-0.0199345
-0.0598395,1.75468,-0.00997325
-0.0598755,1.75363,0
-0.0599116,1.75258,0.00998526
-0.0599476,1.75153,0.0199825
-0.0599838,1.75047,0.0299919
-0.0655919,1.5869,0.0437279
-0.0656314,1.58575,0.0546929
-0.0656711,1.58459,0.0656711
-0.0657107,1.58344,0.0766625
-0.0657505,1.58228,0.0876673
-0.0657902,1.58112,0.0986854
-0.0658301,1.57996,0.109717
-0.0658699,1.57879,0.120762
-0.0659098,1.57763,0.13182
-0.0659498,1.57646,0.142891
-0.0659898,1.5753,0.153976
-0.0660299,1.57413,0.165075
-0.06607,1.57296,0.176187
-0.0661102,1.57179,0.187312
-0.0661504,1.57061,0.198451
-0.0661906,1.56944,0.209604
-0.0662309,1.56826,0.22077
-0.0662713,1.56709,0.23195
-0.0663117,1.56591,0.243143
-0.0663522,1.56473,0.25435
-0.0663927,1.56355,0.265571
-0.0491305,1.78043,-0.245653
-0.0491597,1.77941,-0.235966
-0.0491888,1.77839,-0.226269
-0.049218,1.77737,-0.216559
-0.0492472,1.77635,-0.206838
-0.0492765,1.77532,-0.197106
-0.0493058,1.7743,-0.187362
-0.0493351,1.77327,-0.177606
-0.0493645,1.77224,-0.167839
-0.0493939,1.77121,-0.15806
-0.0494233,1.77018,-0.14827
-0.0494528,1.76915,-0.138468
-0.0494823,1.76812,-0.128654
-0.0495118,1.76709,-0.118828
-0.0495414,1.76605,-0.108991
-0.049571,1.76501,-0.0991421
-0.0496007,1.76398,-0.0892812
-0.0496304,1.76294,-0.0794086
-0.0496601,1.7619,-0.0695241
-0.0496898,1.76086,-0.0596278
-0.0497196,1.75981,-0.0497196
-0.0497494,1.75877,-0.0397996
-0.0497793,1.75772,-0.0298676
-0.0498092,1.75668,-0.0199237
-0.0498391,1.75563,-0.00996783
-0.0498691,1.75458,0
-0.0498991,1.75353,0.00997982
-0.0499291,1.75248,0.0199717
-0.0499592,1.75143,0.0299755
-0.0499893,1.75037,0.0399915
-0.0500195,1.74932,0.0500195
-0.0500497,1.74826,0.0600596
-0.0500799,1.7472,0.0701119
-0.0501102,1.74614,0.0801763
-0.0501404,1.74508,0.0902528
-0.0501708,1.74402,0.100342
-0.0502012,1.74296,0.110443
-0.0502316,1.7419,0.120556
-0.054928,1.57752,0.142813
-0.0549613,1.57635,0.153892
-0.0549947,1.57519,0.164984
-0.0550281,1.57402,0.17609
-0.0550615,1.57285,0.187209
-0.055095,1.57168,0.198342
-0.0551285,1.5705,0.209488
-0.055162,1.56933,0.220648
-0.0551956,1.56815,0.231822
-0.0552293,1.56698,0.243009
-0.0552629,1.5658,0.25421
-0.0552967,1.56462,0.265424
-0.0392834,1.78135,-0.245521
-0.0393067,1.78033,-0.23584
-0.0393299,1.77931,-0.226147
-0.0393533,1.77829,-0.216443
-0.0393766,1.77727,-0.206727
-0.0394,1.77625,-0.197
-0.0394234,1.77522,-0.187261
-0.0394469,1.7742,-0.177511
-0.0394703,1.77317,-0.167749
-0.0394938,1.77214,-0.157975
-0.0395174,1.77112,-0.14819
-0.0395409,1.77009,-0.138393
-0.0395645,1.76905,-0.128585
-0.0395881,1.76802,-0.118764
-0.0396117,1.76699,-0.108932
-0.0396354,1.76595,-0.0990885
-0.0396591,1.76492,-0.0892329
-0.0396828,1.76388,-0.0793656
-0.0397066,1.76284,-0.0694865
-0.0397303,1.7618,-0.0595955
-0.0397541,1.76076,-0.0496927
-0.039778,1.75971,-0.039778
-0.0398018,1.75867,-0.0298514
-0.0398257,1.75762,-0.0199129
-0.0398496,1.75658,-0.00996241
-0.0398736,1.75553,0
-0.0398976,1.75448,0.00997439
-0.0399216,1.75343,0.0199608
-0.0399456,1.75238,0.0299592
-0.0399697,1.75133,0.0399697
-0.0399938,1.75027,0.0499922
-0.0400179,1.74922,0.0600268
-0.040042,1.74816,0.0700736
-0.0400662,1.7471,0.0801324
-0.0400904,1.74604,0.0902035
-0.0401147,1.74498,0.100287
-0.0401389,1.74392,0.110382
-0.0401632,1.74286,0.12049
-0.0401876,1.74179,0.13061
-0.0402119,1.74073,0.140742
-0.0402363,1.73966,0.150886
-0.0402607,1.73859,0.161043
-0.0402852,1.73752,0.171212
-0.0403096,1.73645,0.181393
-0.0403342,1.73538,0.191587
-0.0403587,1.73431,0.201793
-0.0441322,1.56922,0.231694
-0.0441591,1.56804,0.242875
-0.044186,1.56686,0.254069
-0.0442129,1.56568,0.265278
-0.0294468,1.78227,-0.24539
-0.0294642,1.78126,-0.235714
-0.0294816,1.78024,-0.226026
-0.0294991,1.77922,-0.216327
-0.0295166,1.7782,-0.206616
-0.0295341,1.77718,-0.196894
-0.0295517,1.77615,-0.187161
-0.0295692,1.77513,-0.177415
-0.0295868,1.7741,-0.167659
-0.0296044,1.77308,-0.15789
-0.029622,1.77205,-0.14811
-0.0296397,1.77102,-0.138319
-0.0296574,1.76999,-0.128515
-0.029675,1.76896,-0.1187
-0.0296928,1.76792,-0.108873
-0.0297105,1.76689,-0.0990349
-0.0297282,1.76585,-0.0891847
-0.029746,1.76482,-0.0793227
-0.0297638,1.76378,-0.0694489
-0.0297816,1.76274,-0.0595632
-0.0297994,1.7617,-0.0496657
-0.0298173,1.76066,-0.0397564
-0.0298352,1.75961,-0.0298352
-0.0298531,1.75857,-0.019902
-0.029871,1.75753,-0.009957
-0.0298889,1.75648,0
-0.0299069,1.75543,0.00996897
-0.0299249,1.75438,0.0199499
-0.0299429,1.75333,0.0299429
-0.0299609,1.75228,0.0399479
-0.029979,1.75123,0.0499649
-0.029997,1.75017,0.0599941
-0.0300151,1.74912,0.0700353
-0.0300332,1.74806,0.0800887
-0.0300514,1.747,0.0901542
-0.0300696,1.74594,0.100232
-0.0300877,1.74488,0.110322
-0.0301059,1.74382,0.120424
-0.0301242,1.74276,0.130538
-0.0301424,1.74169,0.140665
-0.0301607,1.74063,0.150803
-0.030179,1.73956,0.160954
-0.0301972,1.7385,0.171118
-0.0302156,1.73742,0.181294
-0.030234,1.73635,0.191482
-0.0330608,1.57145,0.220405
-0.0330809,1.57028,0.231566
-0.0331011,1.56911,0.242741
-0.0331212,1.56793,0.253929
-0.0331414,1.56675,0.265131
-0.0196207,1.78319,-0.245258
-0.0196323,1.78218,-0.235587
-0.0196439,1.78116,-0.225905
-0.0196555,1.78014,-0.216211
-0.0196672,1.77912,-0.206506
-0.0196789,1.7781,-0.196789
-0.0196905,1.77708,-0.18706
-0.0197022,1.77605,-0.17732
-0.0197139,1.77503,-0.167569
-0.0197257,1.774,-0.157805
-0.0197374,1.77298,-0.14803
-0.0197491,1.77195,-0.138244
-0.0197609,1.77092,-0.128446
-0.0211572,1.64874,-0.126943
-0.0197845,1.76886,-0.108815
-0.0197963,1.76782,-0.0989814
-0.0198081,1.76679,-0.0891365
-0.0198199,1.76575,-0.0792798
-0.0198318,1.76472,-0.0694113
-0.0198437,1.76368,-0.059531
-0.0198555,1.76264,-0.0496388
-0.0198674,1.7616,-0.0397348
-0.0198793,1.76056,-0.029819
-0.0198912,1.75952,-0.0198912
-0.0199032,1.75847,-0.00995159
-0.0199151,1.75743,0
-0.0199271,1.75638,0.00996355
-0.0199391,1.75533,0.0199391
-0.0199511,1.75428,0.0299266
-0.0199631,1.75323,0.0399261
-0.0199751,1.75218,0.0499377
-0.0199871,1.75113,0.0599614
-0.0199992,1.75007,0.0699971
-0.0200112,1.74902,0.0800449
-0.0200233,1.74796,0.0901049
-0.0200354,1.7469,0.100177
-0.0200475,1.74584,0.110261
-0.0200596,1.74478,0.120358
-0.0200718,1.74372,0.130467
-0.0200839,1.74266,0.140588
-0.020096,1.7416,0.15072
-0.0201083,1.74053,0.160866
-0.0201205,1.73946,0.171024
-0.0201327,1.73839,0.181194
-0.0201449,1.73732,0.191377
-0.0220284,1.57251,0.220284
-0.0220418,1.57134,0.231439
-0.0223207,1.54694,0.245527
-0.0222267,1.55517,0.255607
-0.0221334,1.56332,0.265601
-0.00980508,1.78411,-0.245127
-0.00981088,1.7831,-0.235461
-0.00981669,1.78208,-0.225784
-0.0098225,1.78106,-0.216095
-0.00982832,1.78004,-0.206395
-0.00983415,1.77902,-0.196683
-0.00983998,1.778,-0.18696
-0.00984582,1.77698,-0.177225
-0.00985167,1.77596,-0.167478
-0.00985753,1.77493,-0.15772
-0.00986339,1.77391,-0.147951
-0.00986926,1.77288,-0.13817
-0.00987513,1.77185,-0.128377
-0.0103328,1.69176,-0.123994
-0.00988691,1.76979,-0.108756
-0.0098928,1.76876,-0.098928
-0.00989871,1.76773,-0.0890884
-0.00990462,1.76669,-0.0792369
-0.00991054,1.76566,-0.0693737
-0.00991646,1.76462,-0.0594988
-0.00992239,1.76358,-0.049612
-0.00992833,1.76254,-0.0397133
-0.00993428,1.7615,-0.0298028
-0.00994023,1.76046,-0.0198805
-0.00994619,1.75942,-0.00994619
-0.00995216,1.75837,0
-0.00995813,1.75733,0.00995813
-0.00996412,1.75628,0.0199282
-0.00997011,1.75523,0.0299103
-0.0099761,1.75418,0.0399044
-0.00998211,1.75313,0.0499105
-0.00998812,1.75208,0.0599287
-0.00999413,1.75103,0.0699589
-0.0100002,1.74997,0.0800013
-0.0100062,1.74892,0.0900557
-0.0100122,1.74786,0.100122
-0.0100183,1.7468,0.110201
-0.0100243,1.74574,0.120292
-0.0100304,1.74468,0.130395
-0.0100365,1.74362,0.140511
-0.0100425,1.74256,0.150638
-0.0100486,1.74149,0.160778
-0.0100547,1.74042,0.17093
-0.0100608,1.73936,0.181095
-0.0100669,1.73829,0.191272
-0.0110082,1.57357,0.220163
-0.0110148,1.5724,0.231312
-0.0110215,1.57123,0.242474
-0.0110282,1.57006,0.25365
-0.011035,1.56888,0.264839
0,1.78503,-0.244996
0,1.78401,-0.235335
0,1.783,-0.225663
0,1.78198,-0.215979
0,1.78097,-0.206284
0,1.77995,-0.196578
0,1.77893,-0.186859
0,1.77791,-0.17713
0,1.77688,-0.167388
0,1.77586,-0.157636
0,1.77484,-0.147871
0,1.77381,-0.138095
0,1.77278,-0.128308
0,1.73283,-0.121178
0,1.77072,-0.108697
0,1.76969,-0.0988747
0,1.76866,-0.0890403
0,1.76763,-0.0791941
0,1.76659,-0.0693363
0,1.76556,-0.0594666
0,1.76452,-0.0495851
0,1.76348,-0.0396918
0,1.76244,-0.0297867
0,1.7614,-0.0198697
0,1.76036,-0.0099408
0,1.75932,0
0,1.75827,0.00995273
0,1.75723,0.0199174
0,1.75618,0.0298941
0,1.75513,0.0398827
0,1.75408,0.0498834
0,1.75303,0.0598961
0,1.75198,0.0699208
0,1.75093,0.0799576
0,1.74987,0.0900066
0,1.74882,0.100068
0,1.74776,0.110141
0,1.7467,0.120226
0,1.74564,0.130324
0,1.74458,0.140434
0,1.74352,0.150556
0,1.74245,0.16069
0,1.74139,0.170836
0,1.74032,0.180995
0,1.73926,0.191167
0,1.57463,0.220042
0,1.57346,0.231185
0,1.57229,0.242341
0,1.57112,0.25351
0,1.56994,0.264693
0.0097946,1.78594,-0.244865
0.00980039,1.78493,-0.235209
0.00980618,1.78392,-0.225542
0.00981199,1.7829,-0.215864
0.00981779,1.78189,-0.206174
0.00982361,1.78087,-0.196472
0.00982943,1.77985,-0.186759
0.00983526,1.77883,-0.177035
0.00984109,1.77781,-0.167299
0.00984694,1.77679,-0.157551
0.00985278,1.77576,-0.147792
0.00985864,1.77474,-0.138021
0.0098645,1.77371,-0.128239
0.00987038,1.77268,-0.118445
0.00987625,1.77166,-0.108639
0.00988213,1.77063,-0.0988213
0.00988803,1.7696,-0.0889922
0.00989392,1.76856,-0.0791514
0.00989983,1.76753,-0.0692988
0.00990574,1.7665,-0.0594344
0.00991166,1.76546,-0.0495583
0.00991759,1.76442,-0.0396703
0.00992352,1.76338,-0.0297706
0.00992946,1.76234,-0.0198589
0.00993541,1.7613,-0.00993541
0.00994136,1.76026,0
0.00994733,1.75922,0.00994733
0.00995329,1.75817,0.0199066
0.00995927,1.75713,0.0298778
0.00996525,1.75608,0.039861
0.00997124,1.75503,0.0498562
0.00997724,1.75398,0.0598635
0.00998325,1.75293,0.0698827
0.00998926,1.75188,0.0799141
0.00999528,1.75083,0.0899575
0.0100013,1.74977,0.100013
0.0100073,1.74872,0.110081
0.0100134,1.74766,0.120161
0.0100194,1.7466,0.130253
0.0100255,1.74554,0.140357
0.0100315,1.74448,0.150473
0.0100376,1.74342,0.160602
0.0100437,1.74235,0.170743
0.0100498,1.74129,0.180896
0.0100559,1.74022,0.191062
0.0109961,1.57569,0.219921
0.0110027,1.57452,0.231058
0.0110094,1.57335,0.242207
0.0110161,1.57218,0.253371
0.0110228,1.57101,0.264548
0.0195787,1.78686,-0.244734
0.0195903,1.78585,-0.235084
0.0196019,1.78484,-0.225422
0.0196135,1.78382,-0.215748
0.0196251,1.78281,-0.206063
0.0196367,1.78179,-0.196367
0.0196483,1.78077,-0.186659
0.01966,1.77975,-0.17694
0.0196716,1.77873,-0.167209
0.0196833,1.77771,-0.157466
0.019695,1.77669,-0.147712
0.0197067,1.77567,-0.137947
0.0197184,1.77464,-0.12817
0.0197299,1.77363,-0.118379
0.0197419,1.77259,-0.10858
0.0197536,1.77156,-0.0987681
0.0197654,1.77053,-0.0889442
0.0197772,1.7695,-0.0791087
0.019789,1.76847,-0.0692614
0.0198008,1.76743,-0.0594023
0.0198126,1.7664,-0.0495315
0.0198244,1.76536,-0.0396489
0.0198363,1.76432,-0.0297545
0.0198482,1.76329,-0.0198482
0.01986,1.76225,-0.00993002
0.0198719,1.7612,0
0.0198839,1.76016,0.00994193
0.0198958,1.75912,0.0198958
0.0199077,1.75807,0.0298616
0.0199197,1.75703,0.0398393
0.0199316,1.75598,0.0498291
0.0199436,1.75493,0.0598309
0.0199556,1.75388,0.0698447
0.0199676,1.75283,0.0798705
0.0199797,1.75178,0.0899085
0.0199917,1.75073,0.0999585
0.0200038,1.74967,0.110021
0.0200158,1.74862,0.120095
0.0200279,1.74756,0.130181
0.02004,1.7465,0.14028
0.0200521,1.74544,0.150391
0.0200642,1.74438,0.160514
0.0200764,1.74332,0.170649
0.0200885,1.74225,0.180797
0.0201007,1.74119,0.190957
0.0219801,1.57674,0.219801
0.0219934,1.57558,0.230931
0.0220068,1.57441,0.242074
0.0220201,1.57324,0.253231
0.0220335,1.57207,0.264402
0.0293524,1.78777,-0.244604
0.0293694,1.78679,-0.234955
0.0293871,1.78575,-0.225301
0.0294045,1.78474,-0.215633
0.0294219,1.78372,-0.205953
0.0294393,1.78271,-0.196262
0.0294567,1.78169,-0.186559
0.0294741,1.78068,-0.176845
0.0294916,1.77966,-0.167119
0.0295091,1.77864,-0.157382
0.0295266,1.77761,-0.147633
0.0295441,1.77659,-0.137873
0.0295617,1.77557,-0.128101
0.0295789,1.77457,-0.118315
0.0295969,1.77352,-0.108522
0.0296145,1.77249,-0.0987149
0.0296321,1.77146,-0.0888963
0.0296498,1.77043,-0.079066
0.0296674,1.7694,-0.069224
0.0296851,1.76837,-0.0593703
0.0297029,1.76733,-0.0495048
0.0297206,1.7663,-0.0396275
0.0297384,1.76526,-0.0297384
0.0297561,1.76423,-0.0198374
0.0297739,1.76319,-0.00992465
0.0297918,1.76215,0
0.0298096,1.76111,0.00993654
0.0298275,1.76006,0.019885
0.0298454,1.75902,0.0298454
0.0298633,1.75798,0.0398177
0.0298812,1.75693,0.049802
0.0298992,1.75588,0.0597983
0.0299171,1.75483,0.0698067
0.0299351,1.75378,0.0798271
0.0299532,1.75273,0.0898595
0.0299712,1.75168,0.099904
0.0299893,1.75063,0.109961
0.0300074,1.74957,0.120029
0.0300255,1.74851,0.13011
0.0300436,1.74746,0.140203
0.0300617,1.7464,0.150309
0.0300799,1.74534,0.160426
0.0300981,1.74428,0.170556
0.0301163,1.74321,0.180698
0.0301346,1.74215,0.190852
0.032952,1.5778,0.21968
0.032972,1.57663,0.230804
0.032992,1.57547,0.241941
0.033012,1.5743,0.253092
0.0330321,1.57313,0.264257
0.0391157,1.78869,-0.244473
0.0391388,1.78768,-0.234833
0.0391619,1.78667,-0.225181
0.039185,1.78566,-0.215518
0.0392082,1.78464,-0.205843
0.0392313,1.78363,-0.196157
0.0392546,1.78261,-0.186459
0.0392778,1.7816,-0.17675
0.0393011,1.78058,-0.16703
0.0393244,1.77956,-0.157297
0.0393477,1.77854,-0.147554
0.039371,1.77752,-0.137799
0.0393944,1.77649,-0.128032
0.0394176,1.77548,-0.118253
0.0394412,1.77445,-0.108463
0.0394647,1.77342,-0.0986618
0.0394882,1.77239,-0.0888484
0.0395117,1.77136,-0.0790234
0.0395352,1.77033,-0.0691867
0.0395588,1.7693,-0.0593382
0.0395824,1.76827,-0.049478
0.039606,1.76724,-0.039606
0.0396297,1.7662,-0.0297223
0.0396534,1.76516,-0.0198267
0.0396771,1.76413,-0.00991928
0.0397009,1.76309,0
0.0397246,1.76205,0.00993116
0.0397486,1.761,0.0198743
0.0397722,1.75996,0.0298292
0.0397961,1.75892,0.0397961
0.03982,1.75788,0.049775
0.0398439,1.75683,0.0597659
0.0398678,1.75578,0.0697687
0.0398918,1.75473,0.0797836
0.0399158,1.75368,0.0898106
0.0399398,1.75263,0.0998496
0.0399639,1.75158,0.109901
0.039988,1.75053,0.119964
0.0400121,1.74947,0.130039
0.0400362,1.74841,0.140127
0.0400604,1.74736,0.150227
0.0400846,1.7463,0.160338
0.0401088,1.74524,0.170463
0.0401331,1.74418,0.180599
0.0401574,1.74311,0.190748
0.043912,1.57885,0.21956
0.0439386,1.57769,0.230677
0.0439652,1.57652,0.241809
0.0439919,1.57536,0.252953
0.0440186,1.57419,0.264112
0.0488686,1.7896,-0.244343
0.0488974,1.78859,-0.234707
0.0489262,1.78758,-0.225061
0.0489551,1.78657,-0.215402
0.048984,1.78556,-0.205733
0.049013,1.78455,-0.196052
0.0490419,1.78353,-0.186359
0.049071,1.78252,-0.176655
0.0491,1.7815,-0.16694
0.0491291,1.78048,-0.157213
0.0491582,1.77946,-0.147475
0.0491874,1.77844,-0.137725
0.0492166,1.77742,-0.127963
0.0492458,1.7764,-0.11819
0.049275,1.77537,-0.108405
0.0493043,1.77435,-0.0986087
0.0493337,1.77332,-0.0888006
0.049363,1.77229,-0.0789808
0.0493924,1.77127,-0.0691494
0.0494219,1.77023,-0.0593062
0.0494513,1.7692,-0.0494513
0.0494808,1.76817,-0.0395847
0.0495104,1.76714,-0.0297062
0.0495399,1.7661,-0.019816
0.0495696,1.76507,-0.00991391
0.0495992,1.76403,0
0.0496289,1.76299,0.00992578
0.0496586,1.76195,0.0198634
0.0496883,1.76091,0.029813
0.0497181,1.75987,0.0397745
0.049748,1.75882,0.049748
0.0497778,1.75778,0.0597334
0.0498077,1.75673,0.0697308
0.0498376,1.75568,0.0797402
0.0498676,1.75463,0.0897617
0.0498976,1.75358,0.0997952
0.0499277,1.75253,0.109841
0.0499577,1.75148,0.119899
0.0499878,1.75043,0.129968
0.050018,1.74937,0.14005
0.0500482,1.74831,0.150145
0.0500784,1.74726,0.160251
0.0501086,1.7462,0.170369
0.0501389,1.74514,0.1805
0.0501693,1.74408,0.190643
0.0548599,1.5799,0.21944
0.0548931,1.57874,0.230551
0.0549264,1.57758,0.241676
0.0549597,1.57641,0.252815
0.054993,1.57524,0.263967
0.058611,1.79051,-0.244213
0.0586456,1.7895,-0.234582
0.0586801,1.7885,-0.22494
0.0587148,1.78749,-0.215287
0.0587494,1.78648,-0.205623
0.0587841,1.78546,-0.195947
0.0588189,1.78445,-0.18626
0.0588536,1.78344,-0.176561
0.0588885,1.78242,-0.166851
0.0589233,1.7814,-0.157129
0.0589582,1.78038,-0.147396
0.0589932,1.77937,-0.137651
0.0590282,1.77834,-0.127894
0.0590632,1.77732,-0.118126
0.0590983,1.7763,-0.108347
0.0591334,1.77528,-0.0985556
0.0591686,1.77425,-0.0887528
0.0592037,1.77322,-0.0789383
0.059239,1.7722,-0.0691122
0.0592743,1.77117,-0.0592743
0.0593096,1.77014,-0.0494247
0.059345,1.76911,-0.0395633
0.0593804,1.76807,-0.0296902
0.0594156,1.76704,-0.0198052
0.0594513,1.766,-0.00990855
0.0594868,1.76497,0
0.0595224,1.76393,0.0099204
0.059558,1.76289,0.0198527
0.0595937,1.76185,0.0297969
0.0596294,1.76081,0.0397529
0.0596652,1.75977,0.049721
0.059701,1.75872,0.059701
0.0597368,1.75768,0.0696929
0.0597727,1.75663,0.0796969
0.0598086,1.75558,0.0897129
0.0598446,1.75453,0.0997409
0.0598806,1.75348,0.109781
0.0599166,1.75243,0.119833
0.0599527,1.75138,0.129898
0.0599888,1.75033,0.139974
0.060025,1.74927,0.150063
0.0600613,1.74821,0.160163
0.0600975,1.74716,0.170276
0.0601338,1.7461,0.180402
0.0601702,1.74504,0.190539
0.0657958,1.58096,0.219319
0.0658356,1.57979,0.230425
0.0658755,1.57863,0.241544
0.0659154,1.57747,0.252676
0.0659554,1.5763,0.263822
0.0683431,1.79142,-0.244082
0.0683833,1.79042,-0.234457
0.0684236,1.78941,-0.224821
0.068464,1.7884,-0.215173
0.0685044,1.78739,-0.205513
0.0685448,1.78638,-0.195842
0.0685853,1.78537,-0.18616
0.0686259,1.78435,-0.176466
0.0686664,1.78334,-0.166761
0.0687071,1.78232,-0.157045
0.0687478,1.78131,-0.147317
0.0687885,1.78029,-0.137577
0.0749942,1.62514,-0.139275
0.0688701,1.77825,-0.118063
0.068911,1.77723,-0.108289
0.0689519,1.7762,-0.0985027
0.0689929,1.77518,-0.0887051
0.0690339,1.77415,-0.0788958
0.069075,1.77313,-0.069075
0.0691161,1.7721,-0.0592423
0.0691572,1.77107,-0.049398
0.0691984,1.77004,-0.039542
0.0692397,1.76901,-0.0296742
0.069281,1.76797,-0.0197946
0.0693224,1.76694,-0.0099032
0.0693638,1.7659,0
0.0694053,1.76487,0.00991504
0.0694468,1.76383,0.0198419
0.0694883,1.76279,0.0297807
0.06953,1.76175,0.0397314
0.0695716,1.76071,0.049694
0.0696133,1.75967,0.0596686
0.0696551,1.75862,0.0696551
0.0696969,1.75758,0.0796536
0.0697388,1.75653,0.0896641
0.0697807,1.75548,0.0996867
0.0698226,1.75443,0.109721
0.0698646,1.75338,0.119768
0.0699067,1.75233,0.129827
0.0699488,1.75128,0.139898
0.069991,1.75023,0.149981
0.0700332,1.74917,0.160076
0.0700755,1.74811,0.170183
0.0701178,1.74705,0.180303
0.0701602,1.746,0.190435
0.0767198,1.58201,0.219199
0.0767662,1.58085,0.230299
0.0768127,1.57968,0.241411
0.0768592,1.57852,0.252537
0.0769058,1.57736,0.263677
0.0780648,1.79233,-0.243953
0.0781108,1.79133,-0.234332
0.0781568,1.79032,-0.224701
0.0782028,1.78931,-0.215058
0.0782489,1.7883,-0.205403
0.0782951,1.78729,-0.195738
0.0783413,1.78628,-0.186061
0.0783876,1.78527,-0.176372
0.078434,1.78426,-0.166672
0.0784803,1.78324,-0.156961
0.0785268,1.78223,-0.147238
0.0785733,1.78121,-0.137503
0.0836912,1.66926,-0.135998
0.0786664,1.77917,-0.118
0.0787131,1.77815,-0.108231
0.0787598,1.77713,-0.0984498
0.0788066,1.77611,-0.0886574
0.0788534,1.77508,-0.0788534
0.0789003,1.77406,-0.0690378
0.0789473,1.77303,-0.0592104
0.0789943,1.772,-0.0493714
0.0790413,1.77097,-0.0395206
0.0790884,1.76994,-0.0296582
0.0791356,1.76891,-0.0197839
0.0791828,1.76788,-0.00989785
0.0792301,1.76684,0
0.0792774,1.76581,0.00990968
0.0793248,1.76477,0.0198312
0.0793722,1.76373,0.0297646
0.0794198,1.76269,0.0397099
0.0794673,1.76165,0.0496671
0.0795149,1.76061,0.0596362
0.0795626,1.75957,0.0696173
0.0796103,1.75852,0.0796103
0.0796581,1.75748,0.0896154
0.079706,1.75643,0.0996325
0.0797539,1.75538,0.109662
0.0798019,1.75433,0.119703
0.0798499,1.75328,0.129756
0.0798979,1.75223,0.139821
0.0799461,1.75118,0.149899
0.0799943,1.75012,0.159989
0.0800425,1.74907,0.17009
0.0800909,1.74801,0.180204
0.0801392,1.74695,0.190331
0.0876318,1.58305,0.219079
0.0876848,1.5819,0.230173
0.0877378,1.58073,0.241279
0.0877909,1.57957,0.252399
0.0878441,1.57841,0.263532
0.0877762,1.79324,-0.243823
0.0878278,1.79224,-0.234208
0.0878795,1.79123,-0.224581
0.0879313,1.79023,-0.214943
0.0879831,1.78922,-0.205294
0.088035,1.78821,-0.195633
0.0880869,1.7872,-0.185961
0.0881389,1.78619,-0.176278
0.088191,1.78517,-0.166583
0.0882431,1.78416,-0.156877
0.0882953,1.78315,-0.147159
0.0883476,1.78213,-0.13743
0.0919882,1.71134,-0.132872
0.0884523,1.78009,-0.117936
0.0885047,1.77907,-0.108172
0.0885572,1.77805,-0.0983969
0.0886098,1.77703,-0.0886098
0.0886624,1.77601,-0.078811
0.0887151,1.77498,-0.0690006
0.0887679,1.77396,-0.0591786
0.0888207,1.77293,-0.0493448
0.0888736,1.7719,-0.0394994
0.0889265,1.77087,-0.0296422
0.0889795,1.76984,-0.0197732
0.0890326,1.76881,-0.00989251
0.0890857,1.76778,0
0.0891389,1.76674,0.00990432
0.0891922,1.76571,0.0198205
0.0892455,1.76467,0.0297485
0.0892989,1.76363,0.0396884
0.0893523,1.76259,0.0496402
0.0894058,1.76155,0.0596039
0.0894594,1.76051,0.0695795
0.089513,1.75947,0.0795671
0.0895667,1.75842,0.0895667
0.0896205,1.75738,0.0995783
0.0896744,1.75633,0.109602
0.0897283,1.75528,0.119638
0.0897822,1.75423,0.129685
0.0898362,1.75318,0.139745
0.0898903,1.75213,0.149817
0.0899445,1.75108,0.159901
0.0899987,1.75002,0.169998
0.090053,1.74897,0.180106
0.0984724,1.58526,0.207886
0.0985319,1.5841,0.21896
0.0985914,1.58294,0.230047
0.0986511,1.58178,0.241147
0.0987107,1.58062,0.252261
0.0987705,1.57946,0.263388
0.0974756,1.79418,-0.243689
0.0975333,1.79317,-0.23408
0.0975919,1.79214,-0.224461
0.0976494,1.79114,-0.214829
0.0977069,1.79013,-0.205184
0.0977645,1.78912,-0.195529
0.0978221,1.78811,-0.185862
0.0978799,1.7871,-0.176184
0.0979377,1.78609,-0.166494
0.0979955,1.78508,-0.156793
0.0980534,1.78406,-0.14708
0.0981114,1.78305,-0.137356
0.0999125,1.75153,-0.129886
0.0982277,1.78102,-0.117873
0.0982858,1.78,-0.108114
0.0983441,1.77898,-0.0983441
0.0984025,1.77796,-0.0885622
0.0984609,1.77693,-0.0787687
0.0985194,1.77591,-0.0689636
0.0985779,1.77489,-0.0591468
0.0986365,1.77386,-0.0493183
0.0986952,1.77283,-0.0394781
0.098754,1.77181,-0.0296262
0.0988128,1.77078,-0.0197626
0.0988717,1.76974,-0.00988717
0.0989307,1.76871,0
0.0989897,1.76768,0.00989897
0.0990488,1.76665,0.0198098
0.099108,1.76561,0.0297324
0.0991673,1.76457,0.0396669
0.0992266,1.76353,0.0496133
0.099286,1.76249,0.0595716
0.0993455,1.76145,0.0695418
0.099405,1.76041,0.079524
0.0994646,1.75937,0.0895181
0.0995243,1.75833,0.0995243
0.099584,1.75728,0.109542
0.0996438,1.75623,0.119573
0.0997038,1.75518,0.129615
0.0997637,1.75413,0.139669
0.0998238,1.75308,0.149736
0.0998839,1.75203,0.159814
0.0999441,1.75098,0.169905
0.100004,1.74992,0.180008
0.109354,1.5863,0.207773
0.10942,1.58515,0.21884
0.109486,1.58399,0.229921
0.109552,1.58283,0.241015
0.109619,1.58168,0.252123
0.109685,1.58051,0.263244
0.107485,1.79002,-0.244283
0.107549,1.78899,-0.234653
0.10763,1.78771,-0.225044
0.108014,1.7816,-0.216027
0.1084,1.77545,-0.206946
0.110075,1.7488,-0.200137
0.110279,1.74556,-0.190482
0.110255,1.74595,-0.180417
0.108434,1.77492,-0.167579
0.107737,1.78601,-0.156708
0.107799,1.78501,-0.146999
0.107863,1.784,-0.13728
0.107928,1.78297,-0.127551
0.107993,1.78194,-0.11781
0.108056,1.78092,-0.108056
0.108121,1.7799,-0.0982914
0.108185,1.77888,-0.0885147
0.108249,1.77786,-0.0787264
0.108313,1.77684,-0.0689265
0.108377,1.77581,-0.059115
0.108442,1.77479,-0.0492917
0.108506,1.77376,-0.0394568
0.108571,1.77274,-0.0296102
0.108636,1.77171,-0.0197519
0.1087,1.77068,-0.00988184
0.108765,1.76965,0
0.10883,1.76861,0.00989363
0.108895,1.76758,0.0197991
0.10896,1.76655,0.0297163
0.109025,1.76551,0.0396455
0.10909,1.76447,0.0495864
0.109155,1.76344,0.0595393
0.109221,1.7624,0.0695041
0.109286,1.76136,0.0794809
0.109352,1.76031,0.0894696
0.109417,1.75927,0.0994703
0.109483,1.75823,0.109483
0.109549,1.75718,0.119508
0.109615,1.75613,0.129544
0.10968,1.75508,0.139593
0.109746,1.75403,0.149654
0.109812,1.75298,0.159727
0.109879,1.75193,0.169812
0.109945,1.75088,0.17991
0.120224,1.58735,0.207659
0.120296,1.58619,0.218721
0.120369,1.58504,0.229795
0.120442,1.58388,0.240883
0.120514,1.58272,0.251985
0.120587,1.58156,0.2631
0.117106,1.7922,-0.243971
0.117176,1.79118,-0.234353
0.117247,1.79015,-0.224722
0.117317,1.78913,-0.215081
0.117387,1.7881,-0.205427
0.117458,1.78708,-0.195763
0.117528,1.78605,-0.186086
0.117599,1.78502,-0.176398
0.117669,1.78399,-0.166698
0.11774,1.78296,-0.156987
0.117811,1.78192,-0.147264
0.117882,1.78089,-0.137529
0.118272,1.77519,-0.128129
0.118697,1.769,-0.118697
0.119125,1.76276,-0.109198
0.125613,1.66814,-0.104678
0.121861,1.72286,-0.0913958
0.121062,1.73451,-0.0807083
0.119334,1.75971,-0.0696115
0.118166,1.77675,-0.0590828
0.118235,1.77575,-0.0492644
0.118307,1.77469,-0.0394356
0.118376,1.77369,-0.0295939
0.118448,1.77264,-0.0197413
0.118518,1.77161,-0.00987652
0.118589,1.77058,0
0.11866,1.76955,0.00988829
0.11873,1.76852,0.0197884
0.118801,1.76748,0.0297003
0.118872,1.76645,0.039624
0.118943,1.76541,0.0495596
0.119014,1.76438,0.0595071
0.119085,1.76334,0.0694665
0.119157,1.7623,0.0794378
0.119228,1.76126,0.0894211
0.1193,1.76021,0.0994163
0.119371,1.75917,0.109424
0.119443,1.75813,0.119443
0.119514,1.75708,0.129474
0.119586,1.75603,0.139517
0.119658,1.75498,0.149573
0.11973,1.75394,0.15964
0.119802,1.75288,0.16972
0.119874,1.75183,0.179812
0.131082,1.58839,0.207546
0.131161,1.58724,0.218601
0.13124,1.58608,0.22967
0.131319,1.58493,0.240752
0.131398,1.58377,0.251847
0.131478,1.58261,0.262956
0.126703,1.79438,-0.24366
0.126779,1.79336,-0.234054
0.126855,1.79234,-0.224435
0.126931,1.79132,-0.214806
0.127007,1.79029,-0.205165
0.127083,1.78927,-0.195512
0.127159,1.78824,-0.185848
0.127235,1.78722,-0.176172
0.127312,1.78619,-0.166485
0.127388,1.78516,-0.156786
0.127465,1.78413,-0.147075
0.127541,1.7831,-0.137352
0.127618,1.78206,-0.127618
0.127695,1.78103,-0.117872
0.127772,1.77999,-0.108115
0.127849,1.77896,-0.0983454
0.127926,1.77792,-0.0885642
0.128003,1.77688,-0.0787713
0.128081,1.77584,-0.0689665
0.128158,1.7748,-0.0591499
0.128236,1.77375,-0.0493214
0.128608,1.76874,-0.0395718
0.129072,1.76249,-0.0297858
0.129539,1.75621,-0.019929
0.130009,1.74988,-0.0100007
0.137356,1.65098,0
0.134966,1.68315,0.010382
0.132658,1.71422,0.020409
0.130428,1.74424,0.0300988
0.128708,1.76739,0.0396025
0.128783,1.76638,0.049532
0.128862,1.76531,0.0594749
0.128939,1.76428,0.0694289
0.129015,1.76325,0.0793941
0.129094,1.7622,0.0893726
0.129171,1.76116,0.0993624
0.129249,1.76012,0.109364
0.129326,1.75907,0.119378
0.129404,1.75803,0.129404
0.129481,1.75698,0.139442
0.129559,1.75593,0.149491
0.129637,1.75489,0.159553
0.129715,1.75384,0.169627
0.129793,1.75278,0.179714
0.141928,1.58943,0.207433
0.142013,1.58828,0.218482
0.142099,1.58713,0.229545
0.142185,1.58597,0.24062
0.142271,1.58482,0.251709
0.142357,1.58366,0.262812
0.136276,1.79655,-0.24335
0.136357,1.79553,-0.233755
0.136439,1.79452,-0.224149
0.13652,1.7935,-0.214532
0.136602,1.79248,-0.204903
0.136684,1.79145,-0.195262
0.136765,1.79043,-0.18561
0.136847,1.78941,-0.175947
0.136929,1.78838,-0.166272
0.137012,1.78735,-0.156585
0.137094,1.78633,-0.146886
0.137176,1.7853,-0.137176
0.137259,1.78427,-0.127454
0.137341,1.78324,-0.117721
0.137424,1.7822,-0.107976
0.137507,1.78117,-0.098219
0.137589,1.78013,-0.0884503
0.137672,1.7791,-0.0786699
0.137755,1.77806,-0.0688777
0.137839,1.77702,-0.0590736
0.137922,1.77598,-0.0492578
0.138005,1.77494,-0.03943
0.138089,1.77389,-0.0295904
0.138172,1.77285,-0.0197389
0.138256,1.7718,-0.00987541
0.138339,1.77076,0
0.138423,1.76971,0.00988738
0.138507,1.76866,0.0197868
0.138591,1.76761,0.0296981
0.138675,1.76656,0.0396216
0.139022,1.76223,0.0496506
0.139525,1.75594,0.0597963
0.140031,1.74961,0.0700157
0.140542,1.74323,0.0803096
0.141056,1.7368,0.0906788
0.142146,1.72318,0.101533
0.142088,1.7239,0.11164
0.142143,1.72321,0.121837
0.141721,1.72849,0.131598
0.139366,1.75793,0.139366
0.139447,1.75691,0.149408
0.139533,1.75583,0.159467
0.139617,1.75479,0.169535
0.139699,1.75376,0.179613
0.152762,1.59047,0.20732
0.152854,1.58932,0.218363
0.152946,1.58817,0.229419
0.153038,1.58702,0.240489
0.153136,1.5858,0.251581
0.153223,1.58471,0.262668
0.145828,1.79867,-0.243047
0.145914,1.79768,-0.233462
0.145999,1.79668,-0.223865
0.146085,1.79568,-0.214258
0.146171,1.79467,-0.204639
0.14626,1.79363,-0.195013
0.146347,1.79261,-0.185373
0.146435,1.79159,-0.175722
0.146523,1.79057,-0.166059
0.14661,1.78955,-0.156384
0.146698,1.78852,-0.146698
0.146786,1.78749,-0.137001
0.146874,1.78647,-0.127291
0.146963,1.78544,-0.11757
0.147051,1.78441,-0.107837
0.147139,1.78337,-0.0980929
0.147228,1.78234,-0.0883367
0.147316,1.78131,-0.0785688
0.147405,1.78027,-0.0687891
0.147494,1.77924,-0.0589976
0.147583,1.7782,-0.0491943
0.147672,1.77716,-0.0393792
0.147761,1.77612,-0.0295522
0.147851,1.77508,-0.0197134
0.14794,1.77403,-0.00986266
0.148029,1.77299,0
0.148119,1.77194,0.0098746
0.148209,1.7709,0.0197612
0.148299,1.76985,0.0296597
0.148388,1.7688,0.0395703
0.148478,1.76775,0.0494928
0.148569,1.7667,0.0594275
0.148659,1.76565,0.0693742
0.148749,1.76459,0.0793329
0.14884,1.76354,0.0893038
0.14893,1.76248,0.0992869
0.149021,1.76142,0.109282
0.149112,1.76036,0.119289
0.149203,1.7593,0.129309
0.149514,1.75567,0.139546
0.150057,1.74934,0.150057
0.150604,1.74296,0.160644
0.170755,1.50786,0.193522
0.167559,1.54515,0.201071
0.16448,1.58107,0.208341
0.163683,1.59036,0.218244
0.163782,1.58921,0.229294
0.16388,1.58806,0.240358
0.163979,1.58691,0.251435
0.164078,1.58576,0.262525
0.155467,1.79957,-0.242918
0.155559,1.79858,-0.233338
0.15565,1.79758,-0.223747
0.155741,1.79658,-0.214144
0.155833,1.79558,-0.20453
0.155924,1.79458,-0.194905
0.156016,1.79358,-0.185269
0.156108,1.79257,-0.175621
0.156199,1.79157,-0.165962
0.156291,1.79056,-0.156291
0.156384,1.78956,-0.14661
0.156476,1.78855,-0.136916
0.156568,1.78754,-0.127212
0.15666,1.78653,-0.117495
0.156753,1.78551,-0.107768
0.156846,1.7845,-0.0980285
0.156938,1.78349,-0.0882779
0.157031,1.78247,-0.0785156
0.157124,1.78145,-0.0687419
0.157217,1.78044,-0.0589565
0.157311,1.77942,-0.0491595
0.157404,1.7784,-0.0393509
0.157497,1.77737,-0.0295307
0.157591,1.77635,-0.0196988
0.157684,1.77533,-0.00985527
0.157778,1.7743,0
0.157872,1.77328,0.009867
0.157966,1.77225,0.0197457
0.15806,1.77122,0.0296363
0.158154,1.77019,0.0395386
0.158249,1.76916,0.0494527
0.158343,1.76812,0.0593786
0.158437,1.76709,0.0693164
0.158532,1.76606,0.079266
0.158627,1.76502,0.0892276
0.158722,1.76398,0.0992011
0.158817,1.76294,0.109186
0.158912,1.7619,0.119184
0.159007,1.76086,0.129193
0.159102,1.75982,0.139215
0.159198,1.75877,0.149248
0.159293,1.75773,0.159293
0.159389,1.75668,0.169351
0.159485,1.75563,0.17942
0.174395,1.59255,0.207094
0.174866,1.5874,0.218583
0.175426,1.58128,0.230247
0.17599,1.57511,0.241986
0.176557,1.56891,0.2538
0.177127,1.56267,0.265691
0.339991,9.58443e-05,-0.499986
0.339991,9.63211e-05,-0.479987
0.339991,9.67979e-05,-0.459987
0.165387,1.79749,-0.21403
0.165484,1.79649,-0.204422
0.165581,1.79549,-0.194802
0.165679,1.79448,-0.18517
0.165776,1.79348,-0.175528
0.165874,1.79248,-0.165874
0.165971,1.79147,-0.156208
0.166069,1.79047,-0.146531
0.166167,1.78946,-0.136843
0.166265,1.78845,-0.127144
0.166363,1.78744,-0.117433
0.166461,1.78643,-0.10771
0.166559,1.78542,-0.0979761
0.166658,1.7844,-0.0882306
0.166756,1.78339,-0.0784736
0.166855,1.78237,-0.068705
0.166954,1.78136,-0.0589249
0.167053,1.78034,-0.0491332
0.167152,1.77932,-0.0393298
0.167251,1.7783,-0.0295149
0.16735,1.77728,-0.0196883
0.16745,1.77625,-0.00984998
0.167549,1.77523,0
0.167649,1.7742,0.00986169
0.167748,1.77318,0.0197351
0.167848,1.77215,0.0296203
0.167948,1.77112,0.0395172
0.168048,1.77009,0.049426
0.168149,1.76906,0.0593466
0.168249,1.76803,0.069279
0.168349,1.76699,0.0792232
0.16845,1.76596,0.0891794
0.168551,1.76492,0.0991474
0.168651,1.76388,0.109127
0.168752,1.76284,0.119119
0.168853,1.7618,0.129123
0.168955,1.76076,0.139139
0.169056,1.75972,0.149167
0.169157,1.75867,0.159207
0.169259,1.75763,0.169259
0.16936,1.75658,0.179323
0.185194,1.59359,0.206982
0.185306,1.59244,0.218007
0.185417,1.5913,0.229045
0.185529,1.59015,0.240096
0.18564,1.589,0.251161
0.185752,1.58784,0.262239
0.35999,9.60827e-05,-0.499986
0.35999,9.67979e-05,-0.479987
0.35999,9.77516e-05,-0.459987
0.35999,9.77516e-05,-0.439988
0.35999,9.799e-05,-0.419988
0.35999,9.87053e-05,-0.399989
0.35999,9.91821e-05,-0.379989
0.35999,9.94205e-05,-0.35999
0.35999,9.9659e-05,-0.33999
0.35999,9.9659e-05,-0.319991
0.35999,9.98974e-05,-0.299991
0.35999,9.9659e-05,-0.279992
0.35999,9.9659e-05,-0.259993
0.35999,9.98974e-05,-0.239993
0.176159,1.78734,-0.107653
0.176263,1.78633,-0.0979238
0.176367,1.78532,-0.0881835
0.176471,1.78431,-0.0784316
0.176576,1.78329,-0.0686683
0.17668,1.78228,-0.0588933
0.176785,1.78126,-0.0491068
0.176889,1.78024,-0.0393088
0.176994,1.77922,-0.029499
0.177099,1.7782,-0.0196777
0.177204,1.77718,-0.00984469
0.17731,1.77616,0
0.177415,1.77513,0.00985639
0.17752,1.77411,0.0197245
0.177626,1.77308,0.0296043
0.177732,1.77205,0.039496
0.177838,1.77102,0.0493993
0.177944,1.76999,0.0593146
0.17805,1.76896,0.0692416
0.178156,1.76793,0.0791804
0.178262,1.76689,0.0891312
0.178369,1.76586,0.0990938
0.178475,1.76482,0.109068
0.178582,1.76378,0.119055
0.178689,1.76274,0.129053
0.178796,1.7617,0.139064
0.178903,1.76066,0.149086
0.179011,1.75962,0.15912
0.179118,1.75858,0.169167
0.179225,1.75753,0.179225
0.195981,1.59463,0.206869
0.196099,1.59348,0.217888
0.196217,1.59233,0.22892
0.196335,1.59119,0.239965
0.196453,1.59004,0.251024
0.196572,1.58889,0.262096
0.379989,9.67979e-05,-0.499986
0.379989,9.77516e-05,-0.479987
0.379989,9.82285e-05,-0.459987
0.379989,9.799e-05,-0.439988
0.379989,9.87053e-05,-0.419988
0.379989,9.94205e-05,-0.399989
0.379989,9.98974e-05,-0.379989
0.379989,9.9659e-05,-0.35999
0.379989,9.9659e-05,-0.33999
0.379989,9.98974e-05,-0.319991
0.379989,9.98974e-05,-0.299991
0.379989,9.9659e-05,-0.279992
0.379989,9.98974e-05,-0.259993
0.379989,9.98974e-05,-0.239993
0.379989,9.9659e-05,-0.219994
0.379989,9.98974e-05,-0.199994
0.379989,9.98974e-05,-0.179995
0.379989,9.98974e-05,-0.159995
0.379989,9.9659e-05,-0.139996
0.379989,9.9659e-05,-0.119997
0.379989,0.000100136,-0.0999971
0.379989,9.98974e-05,-0.0799977
0.379989,9.98974e-05,-0.0599983
0.379989,9.98974e-05,-0.0399989
0.186949,1.7781,-0.0098394
0.18706,1.77708,0
0.187171,1.77606,0.00985109
0.187282,1.77504,0.0197139
0.187393,1.77401,0.0295884
0.187505,1.77298,0.0394747
0.187616,1.77195,0.0493727
0.187728,1.77092,0.0592826
0.18784,1.76989,0.0692042
0.187952,1.76886,0.0791377
0.188064,1.76783,0.0890831
0.188176,1.7668,0.0990403
0.188289,1.76576,0.109009
0.188401,1.76472,0.11899
0.188514,1.76368,0.128983
0.188627,1.76265,0.138988
0.18874,1.76161,0.149005
0.188853,1.76056,0.159034
0.188966,1.75952,0.169075
0.18908,1.75848,0.179128
0.206757,1.59566,0.206757
0.206881,1.59452,0.217769
0.207005,1.59337,0.228795
0.20713,1.59223,0.239835
0.207254,1.59108,0.250887
0.207379,1.58993,0.261953
0.399989,9.77516e-05,-0.499986
0.399989,9.82285e-05,-0.479987
0.399989,9.87053e-05,-0.459987
0.399989,9.89437e-05,-0.439988
0.399989,9.94205e-05,-0.419988
0.399989,0.000100136,-0.399989
0.399989,9.98974e-05,-0.379989
0.399989,9.9659e-05,-0.35999
0.399989,9.98974e-05,-0.33999
0.399989,0.000100136,-0.319991
0.399989,0.000100136,-0.299991
0.399989,9.98974e-05,-0.279992
0.399989,0.000100136,-0.259993
0.399989,0.000100136,-0.239993
0.399989,9.98974e-05,-0.219994
0.399989,9.98974e-05,-0.199994
0.399989,0.000100136,-0.179995
0.399989,0.000100136,-0.159995
0.399989,9.98974e-05,-0.139996
0.399989,9.98974e-05,-0.119997
0.399989,0.000100374,-0.0999971
0.399989,9.98974e-05,-0.0799977
0.399989,9.98974e-05,-0.0599983
0.399989,0.000100136,-0.0399989
0.399989,0.000100136,-0.0199994
0.399989,0.000100136,0
0.399999,1.00136e-05,0.0199999
0.399999,1.00136e-05,0.0399999
0.399999,1.00136e-05,0.0599998
0.399999,1.00136e-05,0.0799998
0.399999,1.00136e-05,0.0999997
0.399999,1.00136e-05,0.12
0.399999,1.00136e-05,0.14
0.399999,1.0252e-05,0.16
0.399999,1.00136e-05,0.179999
0.197974,1.76773,0.0989868
0.198092,1.7667,0.10895
0.19821,1.76566,0.118926
0.198329,1.76462,0.128914
0.198447,1.76359,0.138913
0.198566,1.76255,0.148925
0.198685,1.76151,0.158948
0.198804,1.76046,0.168983
0.198923,1.75942,0.179031
0.217521,1.5967,0.206645
0.217651,1.59555,0.217651
0.217782,1.59441,0.228671
0.217913,1.59326,0.239704
0.218044,1.59212,0.25075
0.218175,1.59097,0.26181
0.419988,9.799e-05,-0.499986
0.419988,9.84669e-05,-0.479986
0.419988,9.91821e-05,-0.459987
0.419988,9.91821e-05,-0.439988
0.419988,0.000100136,-0.419988
0.419988,0.000100374,-0.399989
0.419988,0.000100136,-0.379989
0.419988,9.98974e-05,-0.35999
0.419988,0.000100136,-0.33999
0.419988,0.000100136,-0.319991
0.419988,0.000100374,-0.299991
0.419988,0.000100136,-0.279992
0.419988,0.000100136,-0.259993
0.419988,0.000100374,-0.239993
0.419988,0.000100136,-0.219994
0.419988,0.000100136,-0.199994
0.419988,0.000100136,-0.179995
0.419988,0.000100374,-0.159995
0.419988,0.000100136,-0.139996
0.419988,0.000100136,-0.119997
0.419988,0.000100374,-0.0999971
0.419988,0.000100136,-0.0799977
0.419988,0.000100136,-0.0599983
0.419988,0.000100136,-0.0399989
0.419988,0.000100136,-0.0199994
0.419988,0.000100136,0
0.419999,1.04904e-05,0.0199999
0.419999,1.04904e-05,0.0399999
0.419999,1.04904e-05,0.0599998
0.419999,1.04904e-05,0.0799998
0.419999,1.04904e-05,0.0999997
0.419999,1.04904e-05,0.12
0.419999,1.04904e-05,0.14
0.419999,1.07288e-05,0.16
0.419999,1.04904e-05,0.179999
0.419999,1.04904e-05,0.199999
0.419999,1.04904e-05,0.219999
0.419999,1.04904e-05,0.239999
0.419999,1.04904e-05,0.259999
0.419999,1.04904e-05,0.279999
0.419999,1.04904e-05,0.299999
0.419999,1.04904e-05,0.319999
0.419999,1.04904e-05,0.339999
0.419999,1.04904e-05,0.359999
0.419999,1.04904e-05,0.379999
0.419999,1.04904e-05,0.399999
0.228547,1.59544,0.228547
0.228684,1.5943,0.239574
0.228821,1.59315,0.250614
0.228959,1.59201,0.261668
0.439988,9.799e-05,-0.499986
0.439988,9.87053e-05,-0.479986
0.439987,9.94205e-05,-0.459987
0.439987,9.94205e-05,-0.439987
0.439987,9.9659e-05,-0.419988
0.439987,9.98974e-05,-0.399989
0.439987,9.9659e-05,-0.379989
0.439987,9.94205e-05,-0.35999
0.439987,9.9659e-05,-0.33999
0.439987,9.9659e-05,-0.319991
0.439987,9.98974e-05,-0.299991
0.439987,9.9659e-05,-0.279992
0.439987,9.9659e-05,-0.259993
0.439987,9.98974e-05,-0.239993
0.439987,9.9659e-05,-0.219994
0.439987,9.9659e-05,-0.199994
0.439987,9.9659e-05,-0.179995
0.439987,9.98974e-05,-0.159995
0.439987,9.9659e-05,-0.139996
0.439987,9.9659e-05,-0.119997
0.439987,9.98974e-05,-0.0999971
0.439987,9.9659e-05,-0.0799977
0.439987,9.9659e-05,-0.0599983
0.439987,9.9659e-05,-0.0399989
0.439987,9.9659e-05,-0.0199994
0.439987,9.9659e-05,0
0.439999,1.07288e-05,0.0199999
0.439999,1.07288e-05,0.0399999
0.439999,1.07288e-05,0.0599998
0.439999,1.07288e-05,0.0799998
0.439999,1.07288e-05,0.0999997
0.439999,1.07288e-05,0.12
0.439999,1.07288e-05,0.14
0.439999,1.09673e-05,0.159999
0.439999,1.07288e-05,0.179999
0.439999,1.07288e-05,0.199999
0.439999,1.07288e-05,0.219999
0.439999,1.07288e-05,0.239999
0.439999,1.07288e-05,0.259999
0.439999,1.07288e-05,0.279999
0.439999,1.07288e-05,0.299999
0.439999,1.07288e-05,0.319999
0.439999,1.07288e-05,0.339999
0.439999,1.07288e-05,0.359999
0.439999,1.07288e-05,0.379999
0.439999,1.07288e-05,0.399999
0.439999,1.09673e-05,0.419999
0.439999,1.07288e-05,0.439999
0.439999,1.12057e-05,0.459998
0.439999,1.19209e-05,0.479998
0.459987,9.91821e-05,-0.499986
0.459987,9.9659e-05,-0.479986
0.459987,0.000100374,-0.459987
0.459987,9.98974e-05,-0.439987
0.459987,0.000100374,-0.419988
0.459987,0.000100136,-0.399989
0.459987,0.000100136,-0.379989
0.459987,9.98974e-05,-0.35999
0.459987,0.000100136,-0.33999
0.459987,0.000100136,-0.319991
0.459987,0.000100374,-0.299991
0.459987,0.000100136,-0.279992
0.459987,0.000100136,-0.259993
0.459987,0.000100374,-0.239993
0.459987,0.000100136,-0.219994
0.459987,0.000100136,-0.199994
0.459987,0.000100136,-0.179995
0.459987,0.000100136,-0.159995
0.459987,9.98974e-05,-0.139996
0.459987,0.000100136,-0.119997
0.459987,0.000100374,-0.0999971
0.459987,0.000100136,-0.0799977
0.459987,0.000100136,-0.0599983
0.459987,0.000100136,-0.0399989
0.459987,0.000100136,-0.0199994
0.459987,0.000100136,0
0.459998,1.14441e-05,0.0199999
0.459998,1.14441e-05,0.0399999
0.459998,1.14441e-05,0.0599998
0.459998,1.14441e-05,0.0799997
0.459998,1.14441e-05,0.0999997
0.459998,1.14441e-05,0.12
0.459998,1.14441e-05,0.14
0.459998,1.16825e-05,0.159999
0.459998,1.14441e-05,0.179999
0.459998,1.14441e-05,0.199999
0.459998,1.14441e-05,0.219999
0.459998,1.14441e-05,0.239999
0.459998,1.14441e-05,0.259999
0.459998,1.14441e-05,0.279999
0.459998,1.14441e-05,0.299999
0.459998,1.14441e-05,0.319999
0.459998,1.14441e-05,0.339999
0.459998,1.14441e-05,0.359999
0.459998,1.14441e-05,0.379999
0.459998,1.14441e-05,0.399999
0.459998,1.16825e-05,0.419999
0.459998,1.12057e-05,0.439999
0.459998,1.16825e-05,0.459998
0.459998,1.21593e-05,0.479998
0.479986,9.91821e-05,-0.499986
0.479986,0.000100136,-0.479986
0.479986,0.000100136,-0.459987
0.479986,9.9659e-05,-0.439987
0.479986,9.98974e-05,-0.419988
0.479986,0.000100136,-0.399989
0.479986,9.98974e-05,-0.379989
0.479986,9.9659e-05,-0.35999
0.479986,9.98974e-05,-0.33999
0.479986,9.98974e-05,-0.319991
0.479986,0.000100136,-0.299991
0.479986,9.98974e-05,-0.279992
0.479986,9.98974e-05,-0.259993
0.479986,0.000100136,-0.239993
0.479986,9.98974e-05,-0.219994
0.479986,9.98974e-05,-0.199994
0.479986,0.000100136,-0.179995
0.479986,0.000100136,-0.159995
0.479986,9.98974e-05,-0.139996
0.479986,9.98974e-05,-0.119997
0.479986,0.000100136,-0.0999971
0.479986,9.98974e-05,-0.0799977
0.479986,9.98974e-05,-0.0599983
0.479986,9.98974e-05,-0.0399989
0.479986,9.98974e-05,-0.0199994
0.479986,9.98974e-05,0
0.479998,1.21593e-05,0.0199999
0.479998,1.21593e-05,0.0399999
0.479998,1.21593e-05,0.0599998
0.479998,1.21593e-05,0.0799997
0.479998,1.21593e-05,0.0999997
0.479998,1.21593e-05,0.12
0.479998,1.21593e-05,0.14
0.479998,1.23978e-05,0.159999
0.479998,1.21593e-05,0.179999
0.479998,1.21593e-05,0.199999
0.479998,1.19209e-05,0.219999
0.479998,1.19209e-05,0.239999
0.479998,1.23978e-05,0.259999
0.479998,1.19209e-05,0.279999
0.479998,1.23978e-05,0.299999
0.479998,1.19209e-05,0.319999
0.479998,1.19209e-05,0.339999
0.479998,1.19209e-05,0.359999
0.479998,1.19209e-05,0.379999
0.479998,1.19209e-05,0.399999
0.479998,1.21593e-05,0.419999
0.479998,1.19209e-05,0.439999
0.479998,1.21593e-05,0.459998
0.479998,1.21593e-05,0.479998
